question_id,ft_direct,ft_rag,orig_zero,orig_few,orig_rag,coder_zero,coder_few,orig_zero_conv,orig_few_conv,split,intent,lang,family
B4A-FT-005-ENGLISH,True,True,False,True,False,False,False,True,True,validation,B4A-FT-005,english,orders_average_tax_by_status
B4A-FT-005-ARABIC,True,True,False,True,False,False,False,True,True,validation,B4A-FT-005,arabic,orders_average_tax_by_status
B4A-FT-005-FRENCH,True,False,False,True,False,False,True,True,True,validation,B4A-FT-005,french,orders_average_tax_by_status
B4A-FT-005-LEBANESE_ARABIZI,True,True,False,True,False,False,False,False,True,validation,B4A-FT-005,lebanese_arabizi,orders_average_tax_by_status
B4A-FT-010-ENGLISH,True,True,False,True,False,False,False,True,True,validation,B4A-FT-010,english,orders_average_tax_by_status
B4A-FT-010-ARABIC,True,True,False,True,False,False,False,True,True,validation,B4A-FT-010,arabic,orders_average_tax_by_status
B4A-FT-010-FRENCH,True,True,False,True,True,False,False,True,True,validation,B4A-FT-010,french,orders_average_tax_by_status
B4A-FT-010-LEBANESE_ARABIZI,True,False,False,True,False,False,False,False,True,validation,B4A-FT-010,lebanese_arabizi,orders_average_tax_by_status
B4A-FT-015-ENGLISH,True,True,False,True,False,False,False,True,True,validation,B4A-FT-015,english,orders_average_tax_by_status
B4A-FT-015-ARABIC,True,True,False,True,True,False,False,True,True,validation,B4A-FT-015,arabic,orders_average_tax_by_status
B4A-FT-015-FRENCH,True,True,False,True,True,False,True,True,True,validation,B4A-FT-015,french,orders_average_tax_by_status
B4A-FT-015-LEBANESE_ARABIZI,True,False,False,True,False,False,False,False,True,validation,B4A-FT-015,lebanese_arabizi,orders_average_tax_by_status
B4A-FT-020-ENGLISH,True,True,False,True,False,False,False,True,True,validation,B4A-FT-020,english,orders_average_tax_by_status
B4A-FT-020-ARABIC,True,True,False,True,False,False,False,True,True,validation,B4A-FT-020,arabic,orders_average_tax_by_status
B4A-FT-020-FRENCH,True,True,False,True,True,False,True,True,True,validation,B4A-FT-020,french,orders_average_tax_by_status
B4A-FT-020-LEBANESE_ARABIZI,True,True,False,True,False,False,False,False,True,validation,B4A-FT-020,lebanese_arabizi,orders_average_tax_by_status
B4A-FT-025-ENGLISH,True,True,False,True,False,False,False,True,True,validation,B4A-FT-025,english,orders_average_tax_by_status
B4A-FT-025-ARABIC,True,True,False,True,False,False,False,True,True,validation,B4A-FT-025,arabic,orders_average_tax_by_status
B4A-FT-025-FRENCH,True,True,False,True,False,False,True,True,True,validation,B4A-FT-025,french,orders_average_tax_by_status
B4A-FT-025-LEBANESE_ARABIZI,True,False,False,True,False,False,False,False,True,validation,B4A-FT-025,lebanese_arabizi,orders_average_tax_by_status
B4A-FT-030-ENGLISH,True,True,False,True,False,False,False,True,True,validation,B4A-FT-030,english,orders_average_tax_by_status
B4A-FT-030-ARABIC,True,True,False,True,True,False,False,True,True,validation,B4A-FT-030,arabic,orders_average_tax_by_status
B4A-FT-030-FRENCH,True,True,False,True,True,False,False,True,True,validation,B4A-FT-030,french,orders_average_tax_by_status
B4A-FT-030-LEBANESE_ARABIZI,True,True,False,True,False,False,False,False,True,validation,B4A-FT-030,lebanese_arabizi,orders_average_tax_by_status
B4A-FT-051-ENGLISH,True,True,True,True,True,True,True,True,True,validation,B4A-FT-051,english,payment_method_count
B4A-FT-051-ARABIC,True,True,True,True,True,True,True,True,True,validation,B4A-FT-051,arabic,payment_method_count
B4A-FT-051-FRENCH,True,False,False,True,False,True,True,False,True,validation,B4A-FT-051,french,payment_method_count
B4A-FT-051-LEBANESE_ARABIZI,True,True,True,True,True,True,False,True,True,validation,B4A-FT-051,lebanese_arabizi,payment_method_count
B4A-FT-055-ENGLISH,True,True,True,True,True,True,True,True,True,validation,B4A-FT-055,english,payment_method_paid_total
B4A-FT-055-ARABIC,True,True,True,True,True,True,True,True,True,validation,B4A-FT-055,arabic,payment_method_paid_total
B4A-FT-055-FRENCH,True,True,True,True,True,True,True,True,True,validation,B4A-FT-055,french,payment_method_paid_total
B4A-FT-055-LEBANESE_ARABIZI,True,True,False,True,True,False,True,True,True,validation,B4A-FT-055,lebanese_arabizi,payment_method_paid_total
B4A-FT-056-ENGLISH,True,True,True,True,True,True,True,False,True,validation,B4A-FT-056,english,payment_method_count
B4A-FT-056-ARABIC,True,True,True,True,True,True,True,True,True,validation,B4A-FT-056,arabic,payment_method_count
B4A-FT-056-FRENCH,True,True,False,True,False,True,True,False,True,validation,B4A-FT-056,french,payment_method_count
B4A-FT-056-LEBANESE_ARABIZI,True,True,True,True,True,False,False,True,True,validation,B4A-FT-056,lebanese_arabizi,payment_method_count
B4A-FT-060-ENGLISH,True,True,True,True,True,True,True,True,True,validation,B4A-FT-060,english,payment_method_paid_total
B4A-FT-060-ARABIC,True,True,True,True,True,True,False,True,True,validation,B4A-FT-060,arabic,payment_method_paid_total
B4A-FT-060-FRENCH,True,True,True,True,True,True,True,True,True,validation,B4A-FT-060,french,payment_method_paid_total
B4A-FT-060-LEBANESE_ARABIZI,True,True,False,True,True,False,True,True,True,validation,B4A-FT-060,lebanese_arabizi,payment_method_paid_total
B4A-FT-061-ENGLISH,True,True,False,True,True,True,True,True,True,validation,B4A-FT-061,english,payment_method_count
B4A-FT-061-ARABIC,True,True,True,True,True,True,True,True,True,validation,B4A-FT-061,arabic,payment_method_count
B4A-FT-061-FRENCH,True,True,False,True,False,True,True,False,True,validation,B4A-FT-061,french,payment_method_count
B4A-FT-061-LEBANESE_ARABIZI,True,True,True,True,True,True,False,True,True,validation,B4A-FT-061,lebanese_arabizi,payment_method_count
B4A-FT-065-ENGLISH,True,True,True,True,True,True,True,True,True,validation,B4A-FT-065,english,payment_method_paid_total
B4A-FT-065-ARABIC,True,True,True,True,True,True,True,True,True,validation,B4A-FT-065,arabic,payment_method_paid_total
B4A-FT-065-FRENCH,True,True,True,True,True,True,True,True,True,validation,B4A-FT-065,french,payment_method_paid_total
B4A-FT-065-LEBANESE_ARABIZI,True,True,False,True,True,False,True,True,True,validation,B4A-FT-065,lebanese_arabizi,payment_method_paid_total
B4A-FT-066-ENGLISH,True,True,False,True,False,True,True,True,True,validation,B4A-FT-066,english,payment_method_count
B4A-FT-066-ARABIC,True,True,True,True,True,True,True,True,True,validation,B4A-FT-066,arabic,payment_method_count
B4A-FT-066-FRENCH,True,True,False,True,False,True,True,False,True,validation,B4A-FT-066,french,payment_method_count
B4A-FT-066-LEBANESE_ARABIZI,True,True,True,True,True,True,False,True,True,validation,B4A-FT-066,lebanese_arabizi,payment_method_count
B4A-FT-070-ENGLISH,True,True,True,True,True,True,True,True,True,validation,B4A-FT-070,english,payment_method_paid_total
B4A-FT-070-ARABIC,True,True,True,True,True,True,True,True,True,validation,B4A-FT-070,arabic,payment_method_paid_total
B4A-FT-070-FRENCH,True,True,True,True,True,True,True,True,True,validation,B4A-FT-070,french,payment_method_paid_total
B4A-FT-070-LEBANESE_ARABIZI,True,True,False,True,True,False,True,True,True,validation,B4A-FT-070,lebanese_arabizi,payment_method_paid_total
B4A-FT-071-ENGLISH,True,True,True,True,True,True,True,True,True,validation,B4A-FT-071,english,payment_method_count
B4A-FT-071-ARABIC,True,True,True,True,True,True,True,True,True,validation,B4A-FT-071,arabic,payment_method_count
B4A-FT-071-FRENCH,True,False,False,True,False,True,True,False,True,validation,B4A-FT-071,french,payment_method_count
B4A-FT-071-LEBANESE_ARABIZI,True,True,True,True,True,True,False,True,True,validation,B4A-FT-071,lebanese_arabizi,payment_method_count
B4A-FT-075-ENGLISH,True,True,True,True,True,True,True,True,True,validation,B4A-FT-075,english,payment_method_paid_total
B4A-FT-075-ARABIC,True,True,True,True,True,True,True,True,True,validation,B4A-FT-075,arabic,payment_method_paid_total
B4A-FT-075-FRENCH,True,True,True,True,True,True,True,True,True,validation,B4A-FT-075,french,payment_method_paid_total
B4A-FT-075-LEBANESE_ARABIZI,True,True,False,True,True,False,True,True,True,validation,B4A-FT-075,lebanese_arabizi,payment_method_paid_total
B4A-FT-077-ENGLISH,True,True,False,False,False,False,False,True,True,validation,B4A-FT-077,english,products_average_price_by_status
B4A-FT-077-ARABIC,True,True,False,False,False,False,False,True,True,validation,B4A-FT-077,arabic,products_average_price_by_status
B4A-FT-077-FRENCH,True,False,False,False,False,False,False,True,True,validation,B4A-FT-077,french,products_average_price_by_status
B4A-FT-077-LEBANESE_ARABIZI,True,True,False,True,False,False,False,False,True,validation,B4A-FT-077,lebanese_arabizi,products_average_price_by_status
B4A-FT-079-ENGLISH,False,True,False,False,True,True,True,True,True,validation,B4A-FT-079,english,products_inventory_value_by_status
B4A-FT-079-ARABIC,False,True,False,True,True,True,True,False,True,validation,B4A-FT-079,arabic,products_inventory_value_by_status
B4A-FT-079-FRENCH,False,True,True,True,True,False,False,True,True,validation,B4A-FT-079,french,products_inventory_value_by_status
B4A-FT-079-LEBANESE_ARABIZI,False,True,False,False,True,False,False,False,False,validation,B4A-FT-079,lebanese_arabizi,products_inventory_value_by_status
B4A-FT-080-ENGLISH,True,True,True,True,True,True,True,True,True,validation,B4A-FT-080,english,products_categories_by_status
B4A-FT-080-ARABIC,True,True,True,True,True,True,True,True,True,validation,B4A-FT-080,arabic,products_categories_by_status
B4A-FT-080-FRENCH,True,True,True,True,True,True,True,True,True,validation,B4A-FT-080,french,products_categories_by_status
B4A-FT-080-LEBANESE_ARABIZI,True,False,True,True,False,False,True,False,True,validation,B4A-FT-080,lebanese_arabizi,products_categories_by_status
B4A-FT-082-ENGLISH,True,True,False,False,False,False,False,True,True,validation,B4A-FT-082,english,products_average_price_by_status
B4A-FT-082-ARABIC,True,True,False,False,False,False,False,True,True,validation,B4A-FT-082,arabic,products_average_price_by_status
B4A-FT-082-FRENCH,True,True,False,False,False,False,False,True,True,validation,B4A-FT-082,french,products_average_price_by_status
B4A-FT-082-LEBANESE_ARABIZI,True,True,False,True,False,False,False,False,True,validation,B4A-FT-082,lebanese_arabizi,products_average_price_by_status
B4A-FT-084-ENGLISH,False,True,True,False,True,True,True,True,True,validation,B4A-FT-084,english,products_inventory_value_by_status
B4A-FT-084-ARABIC,False,False,False,True,False,False,True,False,True,validation,B4A-FT-084,arabic,products_inventory_value_by_status
B4A-FT-084-FRENCH,False,True,True,True,True,False,False,True,True,validation,B4A-FT-084,french,products_inventory_value_by_status
B4A-FT-084-LEBANESE_ARABIZI,False,False,False,False,False,False,False,False,False,validation,B4A-FT-084,lebanese_arabizi,products_inventory_value_by_status
B4A-FT-085-ENGLISH,True,True,True,True,True,True,True,True,True,validation,B4A-FT-085,english,products_categories_by_status
B4A-FT-085-ARABIC,True,True,True,True,True,True,True,True,True,validation,B4A-FT-085,arabic,products_categories_by_status
B4A-FT-085-FRENCH,True,True,True,True,True,True,True,True,True,validation,B4A-FT-085,french,products_categories_by_status
B4A-FT-085-LEBANESE_ARABIZI,True,False,True,True,False,False,True,False,True,validation,B4A-FT-085,lebanese_arabizi,products_categories_by_status
B4A-FT-087-ENGLISH,True,True,False,False,False,False,False,True,True,validation,B4A-FT-087,english,products_average_price_by_status
B4A-FT-087-ARABIC,True,True,False,False,False,False,False,True,True,validation,B4A-FT-087,arabic,products_average_price_by_status
B4A-FT-087-FRENCH,True,False,False,False,False,False,False,True,True,validation,B4A-FT-087,french,products_average_price_by_status
B4A-FT-087-LEBANESE_ARABIZI,True,True,False,True,False,False,False,False,True,validation,B4A-FT-087,lebanese_arabizi,products_average_price_by_status
B4A-FT-089-ENGLISH,True,True,True,False,True,True,True,True,True,validation,B4A-FT-089,english,products_inventory_value_by_status
B4A-FT-089-ARABIC,True,True,True,True,True,False,True,True,True,validation,B4A-FT-089,arabic,products_inventory_value_by_status
B4A-FT-089-FRENCH,True,True,True,True,True,True,True,True,True,validation,B4A-FT-089,french,products_inventory_value_by_status
B4A-FT-089-LEBANESE_ARABIZI,True,True,False,False,False,False,True,False,False,validation,B4A-FT-089,lebanese_arabizi,products_inventory_value_by_status
B4A-FT-090-ENGLISH,True,True,True,True,True,True,True,True,True,validation,B4A-FT-090,english,products_categories_by_status
B4A-FT-090-ARABIC,True,True,True,True,True,True,True,True,True,validation,B4A-FT-090,arabic,products_categories_by_status
B4A-FT-090-FRENCH,True,True,True,True,True,True,True,True,True,validation,B4A-FT-090,french,products_categories_by_status
B4A-FT-090-LEBANESE_ARABIZI,True,False,True,True,False,False,True,False,True,validation,B4A-FT-090,lebanese_arabizi,products_categories_by_status
B4A-FT-003-ENGLISH,True,True,False,True,False,False,False,True,True,final_test,B4A-FT-003,english,orders_average_amount_by_status
B4A-FT-003-ARABIC,True,True,False,True,False,False,False,True,True,final_test,B4A-FT-003,arabic,orders_average_amount_by_status
B4A-FT-003-FRENCH,True,True,False,True,False,False,False,True,True,final_test,B4A-FT-003,french,orders_average_amount_by_status
B4A-FT-003-LEBANESE_ARABIZI,True,True,False,True,False,False,True,False,True,final_test,B4A-FT-003,lebanese_arabizi,orders_average_amount_by_status
B4A-FT-008-ENGLISH,True,True,False,True,False,False,False,True,True,final_test,B4A-FT-008,english,orders_average_amount_by_status
B4A-FT-008-ARABIC,True,True,False,True,False,False,False,True,True,final_test,B4A-FT-008,arabic,orders_average_amount_by_status
B4A-FT-008-FRENCH,True,True,False,True,False,False,False,True,True,final_test,B4A-FT-008,french,orders_average_amount_by_status
B4A-FT-008-LEBANESE_ARABIZI,True,True,False,True,False,False,True,False,True,final_test,B4A-FT-008,lebanese_arabizi,orders_average_amount_by_status
B4A-FT-013-ENGLISH,True,True,False,True,False,False,False,True,True,final_test,B4A-FT-013,english,orders_average_amount_by_status
B4A-FT-013-ARABIC,True,True,False,True,False,False,False,True,True,final_test,B4A-FT-013,arabic,orders_average_amount_by_status
B4A-FT-013-FRENCH,True,True,False,True,False,False,True,True,True,final_test,B4A-FT-013,french,orders_average_amount_by_status
B4A-FT-013-LEBANESE_ARABIZI,True,True,False,True,False,False,True,False,True,final_test,B4A-FT-013,lebanese_arabizi,orders_average_amount_by_status
B4A-FT-018-ENGLISH,True,True,False,True,False,False,False,True,True,final_test,B4A-FT-018,english,orders_average_amount_by_status
B4A-FT-018-ARABIC,True,True,False,True,False,False,False,True,True,final_test,B4A-FT-018,arabic,orders_average_amount_by_status
B4A-FT-018-FRENCH,True,True,False,True,False,False,False,True,True,final_test,B4A-FT-018,french,orders_average_amount_by_status
B4A-FT-018-LEBANESE_ARABIZI,True,True,False,True,False,False,False,False,True,final_test,B4A-FT-018,lebanese_arabizi,orders_average_amount_by_status
B4A-FT-023-ENGLISH,True,True,False,True,False,False,False,True,True,final_test,B4A-FT-023,english,orders_average_amount_by_status
B4A-FT-023-ARABIC,True,True,False,True,False,False,False,True,True,final_test,B4A-FT-023,arabic,orders_average_amount_by_status
B4A-FT-023-FRENCH,True,True,False,True,False,False,True,True,True,final_test,B4A-FT-023,french,orders_average_amount_by_status
B4A-FT-023-LEBANESE_ARABIZI,True,True,False,True,False,False,False,False,True,final_test,B4A-FT-023,lebanese_arabizi,orders_average_amount_by_status
B4A-FT-028-ENGLISH,True,True,False,True,False,False,False,True,True,final_test,B4A-FT-028,english,orders_average_amount_by_status
B4A-FT-028-ARABIC,True,True,False,True,False,False,False,True,True,final_test,B4A-FT-028,arabic,orders_average_amount_by_status
B4A-FT-028-FRENCH,True,True,False,True,False,False,False,True,True,final_test,B4A-FT-028,french,orders_average_amount_by_status
B4A-FT-028-LEBANESE_ARABIZI,True,True,False,True,False,False,False,False,True,final_test,B4A-FT-028,lebanese_arabizi,orders_average_amount_by_status
B4A-FT-034-ENGLISH,True,True,True,True,True,True,True,True,True,final_test,B4A-FT-034,english,payments_orders_by_status
B4A-FT-034-ARABIC,True,True,True,True,True,True,True,True,True,final_test,B4A-FT-034,arabic,payments_orders_by_status
B4A-FT-034-FRENCH,True,True,True,True,True,True,True,True,True,final_test,B4A-FT-034,french,payments_orders_by_status
B4A-FT-034-LEBANESE_ARABIZI,True,True,True,True,True,False,True,True,True,final_test,B4A-FT-034,lebanese_arabizi,payments_orders_by_status
B4A-FT-039-ENGLISH,True,True,True,True,True,True,True,True,True,final_test,B4A-FT-039,english,payments_orders_by_status
B4A-FT-039-ARABIC,True,True,True,True,True,True,True,True,True,final_test,B4A-FT-039,arabic,payments_orders_by_status
B4A-FT-039-FRENCH,True,True,True,True,True,True,True,True,True,final_test,B4A-FT-039,french,payments_orders_by_status
B4A-FT-039-LEBANESE_ARABIZI,True,True,True,True,True,False,True,True,True,final_test,B4A-FT-039,lebanese_arabizi,payments_orders_by_status
B4A-FT-044-ENGLISH,True,True,True,True,True,True,True,True,True,final_test,B4A-FT-044,english,payments_orders_by_status
B4A-FT-044-ARABIC,True,True,True,True,True,True,False,True,True,final_test,B4A-FT-044,arabic,payments_orders_by_status
B4A-FT-044-FRENCH,True,True,True,True,True,True,True,True,True,final_test,B4A-FT-044,french,payments_orders_by_status
B4A-FT-044-LEBANESE_ARABIZI,True,True,True,True,True,False,True,True,True,final_test,B4A-FT-044,lebanese_arabizi,payments_orders_by_status
B4A-FT-049-ENGLISH,True,True,True,True,True,True,True,True,True,final_test,B4A-FT-049,english,payments_orders_by_status
B4A-FT-049-ARABIC,True,True,True,True,True,True,True,True,True,final_test,B4A-FT-049,arabic,payments_orders_by_status
B4A-FT-049-FRENCH,True,True,True,True,True,True,True,True,True,final_test,B4A-FT-049,french,payments_orders_by_status
B4A-FT-049-LEBANESE_ARABIZI,True,True,True,True,True,False,True,True,True,final_test,B4A-FT-049,lebanese_arabizi,payments_orders_by_status
B4A-FT-076-ENGLISH,True,True,True,True,True,True,True,True,True,final_test,B4A-FT-076,english,products_count_by_status
B4A-FT-076-ARABIC,True,True,True,True,True,True,True,True,True,final_test,B4A-FT-076,arabic,products_count_by_status
B4A-FT-076-FRENCH,True,True,True,True,True,True,True,True,True,final_test,B4A-FT-076,french,products_count_by_status
B4A-FT-076-LEBANESE_ARABIZI,True,True,True,True,True,True,True,False,True,final_test,B4A-FT-076,lebanese_arabizi,products_count_by_status
B4A-FT-081-ENGLISH,True,True,True,True,True,True,True,True,True,final_test,B4A-FT-081,english,products_count_by_status
B4A-FT-081-ARABIC,True,True,True,True,True,True,True,True,True,final_test,B4A-FT-081,arabic,products_count_by_status
B4A-FT-081-FRENCH,True,True,True,True,True,True,True,True,True,final_test,B4A-FT-081,french,products_count_by_status
B4A-FT-081-LEBANESE_ARABIZI,True,True,True,True,True,True,True,False,True,final_test,B4A-FT-081,lebanese_arabizi,products_count_by_status
B4A-FT-086-ENGLISH,True,True,True,True,True,True,True,True,True,final_test,B4A-FT-086,english,products_count_by_status
B4A-FT-086-ARABIC,True,True,True,True,True,True,True,True,True,final_test,B4A-FT-086,arabic,products_count_by_status
B4A-FT-086-FRENCH,True,True,True,True,True,True,True,True,True,final_test,B4A-FT-086,french,products_count_by_status
B4A-FT-086-LEBANESE_ARABIZI,True,True,True,True,True,True,True,False,True,final_test,B4A-FT-086,lebanese_arabizi,products_count_by_status
B4A-FT-091-ENGLISH,True,True,True,True,True,True,True,True,True,final_test,B4A-FT-091,english,events_count_by_type
B4A-FT-091-ARABIC,True,True,True,True,True,True,True,True,True,final_test,B4A-FT-091,arabic,events_count_by_type
B4A-FT-091-FRENCH,True,True,True,True,True,True,True,True,True,final_test,B4A-FT-091,french,events_count_by_type
B4A-FT-091-LEBANESE_ARABIZI,True,True,True,True,True,True,True,False,True,final_test,B4A-FT-091,lebanese_arabizi,events_count_by_type
B4A-FT-095-ENGLISH,False,True,False,False,False,True,True,False,False,final_test,B4A-FT-095,english,events_top_products_by_type
B4A-FT-095-ARABIC,True,True,False,False,False,True,True,False,False,final_test,B4A-FT-095,arabic,events_top_products_by_type
B4A-FT-095-FRENCH,True,True,False,False,False,True,False,False,False,final_test,B4A-FT-095,french,events_top_products_by_type
B4A-FT-095-LEBANESE_ARABIZI,True,True,False,False,False,True,False,False,False,final_test,B4A-FT-095,lebanese_arabizi,events_top_products_by_type
B4A-FT-096-ENGLISH,True,True,True,True,True,True,True,True,True,final_test,B4A-FT-096,english,events_count_by_type
B4A-FT-096-ARABIC,True,True,True,True,True,True,True,True,True,final_test,B4A-FT-096,arabic,events_count_by_type
B4A-FT-096-FRENCH,True,True,True,True,True,True,True,True,True,final_test,B4A-FT-096,french,events_count_by_type
B4A-FT-096-LEBANESE_ARABIZI,True,True,True,True,True,True,True,False,True,final_test,B4A-FT-096,lebanese_arabizi,events_count_by_type
B4A-FT-100-ENGLISH,False,True,False,False,False,True,True,False,False,final_test,B4A-FT-100,english,events_top_products_by_type
B4A-FT-100-ARABIC,True,True,False,False,False,True,True,False,False,final_test,B4A-FT-100,arabic,events_top_products_by_type
B4A-FT-100-FRENCH,True,True,False,False,False,True,True,False,False,final_test,B4A-FT-100,french,events_top_products_by_type
B4A-FT-100-LEBANESE_ARABIZI,True,True,True,False,False,True,True,False,False,final_test,B4A-FT-100,lebanese_arabizi,events_top_products_by_type
B4A-FT-101-ENGLISH,True,True,True,True,True,True,True,True,True,final_test,B4A-FT-101,english,events_count_by_type
B4A-FT-101-ARABIC,True,True,True,True,True,True,True,True,True,final_test,B4A-FT-101,arabic,events_count_by_type
B4A-FT-101-FRENCH,True,True,True,True,True,True,True,True,True,final_test,B4A-FT-101,french,events_count_by_type
B4A-FT-101-LEBANESE_ARABIZI,True,True,True,True,True,True,True,False,True,final_test,B4A-FT-101,lebanese_arabizi,events_count_by_type
B4A-FT-105-ENGLISH,False,True,False,False,False,True,True,False,False,final_test,B4A-FT-105,english,events_top_products_by_type
B4A-FT-105-ARABIC,True,False,False,False,False,True,False,False,False,final_test,B4A-FT-105,arabic,events_top_products_by_type
B4A-FT-105-FRENCH,True,True,False,False,False,True,False,False,False,final_test,B4A-FT-105,french,events_top_products_by_type
B4A-FT-105-LEBANESE_ARABIZI,True,True,False,False,False,True,False,False,False,final_test,B4A-FT-105,lebanese_arabizi,events_top_products_by_type
B4A-FT-106-ENGLISH,True,True,True,True,True,True,True,True,True,final_test,B4A-FT-106,english,events_count_by_type
B4A-FT-106-ARABIC,True,True,True,True,True,True,True,True,True,final_test,B4A-FT-106,arabic,events_count_by_type
B4A-FT-106-FRENCH,True,True,True,True,True,True,True,True,True,final_test,B4A-FT-106,french,events_count_by_type
B4A-FT-106-LEBANESE_ARABIZI,True,True,True,True,True,True,True,False,True,final_test,B4A-FT-106,lebanese_arabizi,events_count_by_type
B4A-FT-110-ENGLISH,False,True,False,False,False,True,True,False,False,final_test,B4A-FT-110,english,events_top_products_by_type
B4A-FT-110-ARABIC,True,False,False,False,False,True,True,False,False,final_test,B4A-FT-110,arabic,events_top_products_by_type
B4A-FT-110-FRENCH,True,True,False,False,False,True,True,False,False,final_test,B4A-FT-110,french,events_top_products_by_type
B4A-FT-110-LEBANESE_ARABIZI,True,True,True,False,False,True,True,False,False,final_test,B4A-FT-110,lebanese_arabizi,events_top_products_by_type
B4A-FT-111-ENGLISH,True,True,True,True,True,True,True,True,True,final_test,B4A-FT-111,english,events_count_by_type
B4A-FT-111-ARABIC,True,True,True,True,True,True,True,True,True,final_test,B4A-FT-111,arabic,events_count_by_type
B4A-FT-111-FRENCH,True,True,True,True,True,True,True,True,True,final_test,B4A-FT-111,french,events_count_by_type
B4A-FT-111-LEBANESE_ARABIZI,True,True,True,True,True,True,True,False,True,final_test,B4A-FT-111,lebanese_arabizi,events_count_by_type
B4A-FT-115-ENGLISH,False,True,False,False,False,True,True,False,False,final_test,B4A-FT-115,english,events_top_products_by_type
B4A-FT-115-ARABIC,True,True,False,False,False,True,True,False,False,final_test,B4A-FT-115,arabic,events_top_products_by_type
B4A-FT-115-FRENCH,True,True,False,False,False,True,False,False,False,final_test,B4A-FT-115,french,events_top_products_by_type
B4A-FT-115-LEBANESE_ARABIZI,True,True,True,False,False,True,True,False,False,final_test,B4A-FT-115,lebanese_arabizi,events_top_products_by_type
B4A-FT-116-ENGLISH,True,True,True,True,True,True,True,True,True,final_test,B4A-FT-116,english,events_count_by_type
B4A-FT-116-ARABIC,True,True,True,True,True,True,True,True,True,final_test,B4A-FT-116,arabic,events_count_by_type
B4A-FT-116-FRENCH,True,True,True,True,True,True,True,True,True,final_test,B4A-FT-116,french,events_count_by_type
B4A-FT-116-LEBANESE_ARABIZI,True,True,True,True,True,True,True,False,True,final_test,B4A-FT-116,lebanese_arabizi,events_count_by_type
B4A-FT-120-ENGLISH,False,True,False,False,False,True,True,False,False,final_test,B4A-FT-120,english,events_top_products_by_type
B4A-FT-120-ARABIC,True,False,False,False,False,True,True,False,False,final_test,B4A-FT-120,arabic,events_top_products_by_type
B4A-FT-120-FRENCH,True,True,False,False,False,True,True,False,False,final_test,B4A-FT-120,french,events_top_products_by_type
B4A-FT-120-LEBANESE_ARABIZI,True,True,True,False,False,True,True,False,False,final_test,B4A-FT-120,lebanese_arabizi,events_top_products_by_type
