question_id,split,template_family,ft_direct_correct,ft_rag_correct
B4A-FT-005-ENGLISH,validation,orders_average_tax_by_status,True,True
B4A-FT-005-ARABIC,validation,orders_average_tax_by_status,True,True
B4A-FT-005-FRENCH,validation,orders_average_tax_by_status,True,False
B4A-FT-005-LEBANESE_ARABIZI,validation,orders_average_tax_by_status,True,True
B4A-FT-010-ENGLISH,validation,orders_average_tax_by_status,True,True
B4A-FT-010-ARABIC,validation,orders_average_tax_by_status,True,True
B4A-FT-010-FRENCH,validation,orders_average_tax_by_status,True,True
B4A-FT-010-LEBANESE_ARABIZI,validation,orders_average_tax_by_status,True,False
B4A-FT-015-ENGLISH,validation,orders_average_tax_by_status,True,True
B4A-FT-015-ARABIC,validation,orders_average_tax_by_status,True,True
B4A-FT-015-FRENCH,validation,orders_average_tax_by_status,True,True
B4A-FT-015-LEBANESE_ARABIZI,validation,orders_average_tax_by_status,True,False
B4A-FT-020-ENGLISH,validation,orders_average_tax_by_status,True,True
B4A-FT-020-ARABIC,validation,orders_average_tax_by_status,True,True
B4A-FT-020-FRENCH,validation,orders_average_tax_by_status,True,True
B4A-FT-020-LEBANESE_ARABIZI,validation,orders_average_tax_by_status,True,True
B4A-FT-025-ENGLISH,validation,orders_average_tax_by_status,True,True
B4A-FT-025-ARABIC,validation,orders_average_tax_by_status,True,True
B4A-FT-025-FRENCH,validation,orders_average_tax_by_status,True,True
B4A-FT-025-LEBANESE_ARABIZI,validation,orders_average_tax_by_status,True,False
B4A-FT-030-ENGLISH,validation,orders_average_tax_by_status,True,True
B4A-FT-030-ARABIC,validation,orders_average_tax_by_status,True,True
B4A-FT-030-FRENCH,validation,orders_average_tax_by_status,True,True
B4A-FT-030-LEBANESE_ARABIZI,validation,orders_average_tax_by_status,True,True
B4A-FT-051-ENGLISH,validation,payment_method_count,True,True
B4A-FT-051-ARABIC,validation,payment_method_count,True,True
B4A-FT-051-FRENCH,validation,payment_method_count,True,False
B4A-FT-051-LEBANESE_ARABIZI,validation,payment_method_count,True,True
B4A-FT-055-ENGLISH,validation,payment_method_paid_total,True,True
B4A-FT-055-ARABIC,validation,payment_method_paid_total,True,True
B4A-FT-055-FRENCH,validation,payment_method_paid_total,True,True
B4A-FT-055-LEBANESE_ARABIZI,validation,payment_method_paid_total,True,True
B4A-FT-056-ENGLISH,validation,payment_method_count,True,True
B4A-FT-056-ARABIC,validation,payment_method_count,True,True
B4A-FT-056-FRENCH,validation,payment_method_count,True,True
B4A-FT-056-LEBANESE_ARABIZI,validation,payment_method_count,True,True
B4A-FT-060-ENGLISH,validation,payment_method_paid_total,True,True
B4A-FT-060-ARABIC,validation,payment_method_paid_total,True,True
B4A-FT-060-FRENCH,validation,payment_method_paid_total,True,True
B4A-FT-060-LEBANESE_ARABIZI,validation,payment_method_paid_total,True,True
B4A-FT-061-ENGLISH,validation,payment_method_count,True,True
B4A-FT-061-ARABIC,validation,payment_method_count,True,True
B4A-FT-061-FRENCH,validation,payment_method_count,True,True
B4A-FT-061-LEBANESE_ARABIZI,validation,payment_method_count,True,True
B4A-FT-065-ENGLISH,validation,payment_method_paid_total,True,True
B4A-FT-065-ARABIC,validation,payment_method_paid_total,True,True
B4A-FT-065-FRENCH,validation,payment_method_paid_total,True,True
B4A-FT-065-LEBANESE_ARABIZI,validation,payment_method_paid_total,True,True
B4A-FT-066-ENGLISH,validation,payment_method_count,True,True
B4A-FT-066-ARABIC,validation,payment_method_count,True,True
B4A-FT-066-FRENCH,validation,payment_method_count,True,True
B4A-FT-066-LEBANESE_ARABIZI,validation,payment_method_count,True,True
B4A-FT-070-ENGLISH,validation,payment_method_paid_total,True,True
B4A-FT-070-ARABIC,validation,payment_method_paid_total,True,True
B4A-FT-070-FRENCH,validation,payment_method_paid_total,True,True
B4A-FT-070-LEBANESE_ARABIZI,validation,payment_method_paid_total,True,True
B4A-FT-071-ENGLISH,validation,payment_method_count,True,True
B4A-FT-071-ARABIC,validation,payment_method_count,True,True
B4A-FT-071-FRENCH,validation,payment_method_count,True,False
B4A-FT-071-LEBANESE_ARABIZI,validation,payment_method_count,True,True
B4A-FT-075-ENGLISH,validation,payment_method_paid_total,True,True
B4A-FT-075-ARABIC,validation,payment_method_paid_total,True,True
B4A-FT-075-FRENCH,validation,payment_method_paid_total,True,True
B4A-FT-075-LEBANESE_ARABIZI,validation,payment_method_paid_total,True,True
B4A-FT-077-ENGLISH,validation,products_average_price_by_status,True,True
B4A-FT-077-ARABIC,validation,products_average_price_by_status,True,True
B4A-FT-077-FRENCH,validation,products_average_price_by_status,True,False
B4A-FT-077-LEBANESE_ARABIZI,validation,products_average_price_by_status,True,True
B4A-FT-079-ENGLISH,validation,products_inventory_value_by_status,False,True
B4A-FT-079-ARABIC,validation,products_inventory_value_by_status,False,True
B4A-FT-079-FRENCH,validation,products_inventory_value_by_status,False,True
B4A-FT-079-LEBANESE_ARABIZI,validation,products_inventory_value_by_status,False,True
B4A-FT-080-ENGLISH,validation,products_categories_by_status,True,True
B4A-FT-080-ARABIC,validation,products_categories_by_status,True,True
B4A-FT-080-FRENCH,validation,products_categories_by_status,True,True
B4A-FT-080-LEBANESE_ARABIZI,validation,products_categories_by_status,True,False
B4A-FT-082-ENGLISH,validation,products_average_price_by_status,True,True
B4A-FT-082-ARABIC,validation,products_average_price_by_status,True,True
B4A-FT-082-FRENCH,validation,products_average_price_by_status,True,True
B4A-FT-082-LEBANESE_ARABIZI,validation,products_average_price_by_status,True,True
B4A-FT-084-ENGLISH,validation,products_inventory_value_by_status,False,True
B4A-FT-084-ARABIC,validation,products_inventory_value_by_status,False,False
B4A-FT-084-FRENCH,validation,products_inventory_value_by_status,False,True
B4A-FT-084-LEBANESE_ARABIZI,validation,products_inventory_value_by_status,False,False
B4A-FT-085-ENGLISH,validation,products_categories_by_status,True,True
B4A-FT-085-ARABIC,validation,products_categories_by_status,True,True
B4A-FT-085-FRENCH,validation,products_categories_by_status,True,True
B4A-FT-085-LEBANESE_ARABIZI,validation,products_categories_by_status,True,False
B4A-FT-087-ENGLISH,validation,products_average_price_by_status,True,True
B4A-FT-087-ARABIC,validation,products_average_price_by_status,True,True
B4A-FT-087-FRENCH,validation,products_average_price_by_status,True,False
B4A-FT-087-LEBANESE_ARABIZI,validation,products_average_price_by_status,True,True
B4A-FT-089-ENGLISH,validation,products_inventory_value_by_status,True,True
B4A-FT-089-ARABIC,validation,products_inventory_value_by_status,True,True
B4A-FT-089-FRENCH,validation,products_inventory_value_by_status,True,True
B4A-FT-089-LEBANESE_ARABIZI,validation,products_inventory_value_by_status,True,True
B4A-FT-090-ENGLISH,validation,products_categories_by_status,True,True
B4A-FT-090-ARABIC,validation,products_categories_by_status,True,True
B4A-FT-090-FRENCH,validation,products_categories_by_status,True,True
B4A-FT-090-LEBANESE_ARABIZI,validation,products_categories_by_status,True,False
B4A-FT-003-ENGLISH,final_test,orders_average_amount_by_status,True,True
B4A-FT-003-ARABIC,final_test,orders_average_amount_by_status,True,True
B4A-FT-003-FRENCH,final_test,orders_average_amount_by_status,True,True
B4A-FT-003-LEBANESE_ARABIZI,final_test,orders_average_amount_by_status,True,True
B4A-FT-008-ENGLISH,final_test,orders_average_amount_by_status,True,True
B4A-FT-008-ARABIC,final_test,orders_average_amount_by_status,True,True
B4A-FT-008-FRENCH,final_test,orders_average_amount_by_status,True,True
B4A-FT-008-LEBANESE_ARABIZI,final_test,orders_average_amount_by_status,True,True
B4A-FT-013-ENGLISH,final_test,orders_average_amount_by_status,True,True
B4A-FT-013-ARABIC,final_test,orders_average_amount_by_status,True,True
B4A-FT-013-FRENCH,final_test,orders_average_amount_by_status,True,True
B4A-FT-013-LEBANESE_ARABIZI,final_test,orders_average_amount_by_status,True,True
B4A-FT-018-ENGLISH,final_test,orders_average_amount_by_status,True,True
B4A-FT-018-ARABIC,final_test,orders_average_amount_by_status,True,True
B4A-FT-018-FRENCH,final_test,orders_average_amount_by_status,True,True
B4A-FT-018-LEBANESE_ARABIZI,final_test,orders_average_amount_by_status,True,True
B4A-FT-023-ENGLISH,final_test,orders_average_amount_by_status,True,True
B4A-FT-023-ARABIC,final_test,orders_average_amount_by_status,True,True
B4A-FT-023-FRENCH,final_test,orders_average_amount_by_status,True,True
B4A-FT-023-LEBANESE_ARABIZI,final_test,orders_average_amount_by_status,True,True
B4A-FT-028-ENGLISH,final_test,orders_average_amount_by_status,True,True
B4A-FT-028-ARABIC,final_test,orders_average_amount_by_status,True,True
B4A-FT-028-FRENCH,final_test,orders_average_amount_by_status,True,True
B4A-FT-028-LEBANESE_ARABIZI,final_test,orders_average_amount_by_status,True,True
B4A-FT-034-ENGLISH,final_test,payments_orders_by_status,True,True
B4A-FT-034-ARABIC,final_test,payments_orders_by_status,True,True
B4A-FT-034-FRENCH,final_test,payments_orders_by_status,True,True
B4A-FT-034-LEBANESE_ARABIZI,final_test,payments_orders_by_status,True,True
B4A-FT-039-ENGLISH,final_test,payments_orders_by_status,True,True
B4A-FT-039-ARABIC,final_test,payments_orders_by_status,True,True
B4A-FT-039-FRENCH,final_test,payments_orders_by_status,True,True
B4A-FT-039-LEBANESE_ARABIZI,final_test,payments_orders_by_status,True,True
B4A-FT-044-ENGLISH,final_test,payments_orders_by_status,True,True
B4A-FT-044-ARABIC,final_test,payments_orders_by_status,True,True
B4A-FT-044-FRENCH,final_test,payments_orders_by_status,True,True
B4A-FT-044-LEBANESE_ARABIZI,final_test,payments_orders_by_status,True,True
B4A-FT-049-ENGLISH,final_test,payments_orders_by_status,True,True
B4A-FT-049-ARABIC,final_test,payments_orders_by_status,True,True
B4A-FT-049-FRENCH,final_test,payments_orders_by_status,True,True
B4A-FT-049-LEBANESE_ARABIZI,final_test,payments_orders_by_status,True,True
B4A-FT-076-ENGLISH,final_test,products_count_by_status,True,True
B4A-FT-076-ARABIC,final_test,products_count_by_status,True,True
B4A-FT-076-FRENCH,final_test,products_count_by_status,True,True
B4A-FT-076-LEBANESE_ARABIZI,final_test,products_count_by_status,True,True
B4A-FT-081-ENGLISH,final_test,products_count_by_status,True,True
B4A-FT-081-ARABIC,final_test,products_count_by_status,True,True
B4A-FT-081-FRENCH,final_test,products_count_by_status,True,True
B4A-FT-081-LEBANESE_ARABIZI,final_test,products_count_by_status,True,True
B4A-FT-086-ENGLISH,final_test,products_count_by_status,True,True
B4A-FT-086-ARABIC,final_test,products_count_by_status,True,True
B4A-FT-086-FRENCH,final_test,products_count_by_status,True,True
B4A-FT-086-LEBANESE_ARABIZI,final_test,products_count_by_status,True,True
B4A-FT-091-ENGLISH,final_test,events_count_by_type,True,True
B4A-FT-091-ARABIC,final_test,events_count_by_type,True,True
B4A-FT-091-FRENCH,final_test,events_count_by_type,True,True
B4A-FT-091-LEBANESE_ARABIZI,final_test,events_count_by_type,True,True
B4A-FT-095-ENGLISH,final_test,events_top_products_by_type,False,True
B4A-FT-095-ARABIC,final_test,events_top_products_by_type,True,True
B4A-FT-095-FRENCH,final_test,events_top_products_by_type,True,True
B4A-FT-095-LEBANESE_ARABIZI,final_test,events_top_products_by_type,True,True
B4A-FT-096-ENGLISH,final_test,events_count_by_type,True,True
B4A-FT-096-ARABIC,final_test,events_count_by_type,True,True
B4A-FT-096-FRENCH,final_test,events_count_by_type,True,True
B4A-FT-096-LEBANESE_ARABIZI,final_test,events_count_by_type,True,True
B4A-FT-100-ENGLISH,final_test,events_top_products_by_type,False,True
B4A-FT-100-ARABIC,final_test,events_top_products_by_type,True,True
B4A-FT-100-FRENCH,final_test,events_top_products_by_type,True,True
B4A-FT-100-LEBANESE_ARABIZI,final_test,events_top_products_by_type,True,True
B4A-FT-101-ENGLISH,final_test,events_count_by_type,True,True
B4A-FT-101-ARABIC,final_test,events_count_by_type,True,True
B4A-FT-101-FRENCH,final_test,events_count_by_type,True,True
B4A-FT-101-LEBANESE_ARABIZI,final_test,events_count_by_type,True,True
B4A-FT-105-ENGLISH,final_test,events_top_products_by_type,False,True
B4A-FT-105-ARABIC,final_test,events_top_products_by_type,True,False
B4A-FT-105-FRENCH,final_test,events_top_products_by_type,True,True
B4A-FT-105-LEBANESE_ARABIZI,final_test,events_top_products_by_type,True,True
B4A-FT-106-ENGLISH,final_test,events_count_by_type,True,True
B4A-FT-106-ARABIC,final_test,events_count_by_type,True,True
B4A-FT-106-FRENCH,final_test,events_count_by_type,True,True
B4A-FT-106-LEBANESE_ARABIZI,final_test,events_count_by_type,True,True
B4A-FT-110-ENGLISH,final_test,events_top_products_by_type,False,True
B4A-FT-110-ARABIC,final_test,events_top_products_by_type,True,False
B4A-FT-110-FRENCH,final_test,events_top_products_by_type,True,True
B4A-FT-110-LEBANESE_ARABIZI,final_test,events_top_products_by_type,True,True
B4A-FT-111-ENGLISH,final_test,events_count_by_type,True,True
B4A-FT-111-ARABIC,final_test,events_count_by_type,True,True
B4A-FT-111-FRENCH,final_test,events_count_by_type,True,True
B4A-FT-111-LEBANESE_ARABIZI,final_test,events_count_by_type,True,True
B4A-FT-115-ENGLISH,final_test,events_top_products_by_type,False,True
B4A-FT-115-ARABIC,final_test,events_top_products_by_type,True,True
B4A-FT-115-FRENCH,final_test,events_top_products_by_type,True,True
B4A-FT-115-LEBANESE_ARABIZI,final_test,events_top_products_by_type,True,True
B4A-FT-116-ENGLISH,final_test,events_count_by_type,True,True
B4A-FT-116-ARABIC,final_test,events_count_by_type,True,True
B4A-FT-116-FRENCH,final_test,events_count_by_type,True,True
B4A-FT-116-LEBANESE_ARABIZI,final_test,events_count_by_type,True,True
B4A-FT-120-ENGLISH,final_test,events_top_products_by_type,False,True
B4A-FT-120-ARABIC,final_test,events_top_products_by_type,True,False
B4A-FT-120-FRENCH,final_test,events_top_products_by_type,True,True
B4A-FT-120-LEBANESE_ARABIZI,final_test,events_top_products_by_type,True,True
