coupon_id,code,discount_type,discount_value,minimum_order_amount,maximum_discount_amount,valid_from,valid_to,maximum_uses,active
1,WELCOME10,percentage,10.00,25.00,40.00,2024-01-01 00:00:00+00,2026-08-31 23:59:59+00,2000,t
2,SAVE15,percentage,15.00,100.00,75.00,2024-03-01 00:00:00+00,2025-12-31 23:59:59+00,1000,f
3,BULK20,percentage,20.00,500.00,250.00,2024-06-01 00:00:00+00,2026-08-31 23:59:59+00,600,t
4,LESS5,fixed,5.00,30.00,5.00,2024-01-01 00:00:00+00,2024-12-31 23:59:59+00,1500,f
5,LESS25,fixed,25.00,200.00,25.00,2025-01-01 00:00:00+00,2026-08-31 23:59:59+00,900,t
6,TECH12,percentage,12.00,150.00,120.00,2024-09-01 00:00:00+00,2026-06-30 23:59:59+00,750,t
7,HOME18,percentage,18.00,120.00,100.00,2025-02-01 00:00:00+00,2026-08-31 23:59:59+00,700,t
8,OFFICE30,fixed,30.00,250.00,30.00,2025-05-01 00:00:00+00,2026-05-31 23:59:59+00,500,f
9,SUMMER8,percentage,8.00,50.00,50.00,2025-06-01 00:00:00+00,2026-08-31 23:59:59+00,1800,t
10,SPORT15,percentage,15.00,80.00,90.00,2025-08-01 00:00:00+00,2026-08-31 23:59:59+00,650,t
11,SHIPFREE,fixed,10.00,75.00,10.00,2024-11-01 00:00:00+00,2025-11-30 23:59:59+00,1200,f
12,VIP25,percentage,25.00,1000.00,400.00,2025-01-01 00:00:00+00,2026-08-31 23:59:59+00,250,t
