customer_id,customer_code,city,region,created_at
1,CUST-00001,Jounieh,Mount Lebanon,2026-02-26 06:49:49+00
2,CUST-00002,Sidon,South,2025-12-18 13:13:55+00
3,CUST-00003,Jounieh,Mount Lebanon,2025-06-27 19:13:22+00
4,CUST-00004,Zahle,Bekaa,2026-05-13 08:33:13+00
5,CUST-00005,Beirut,Beirut,2024-05-04 22:23:26+00
6,CUST-00006,Baalbek,Bekaa,2026-06-16 02:37:58+00
7,CUST-00007,Jounieh,Mount Lebanon,2026-04-08 02:53:01+00
8,CUST-00008,Jounieh,Mount Lebanon,2025-05-05 12:55:23+00
9,CUST-00009,Beirut,Beirut,2025-12-15 07:46:13+00
10,CUST-00010,Sidon,South,2025-05-21 17:57:03+00
11,CUST-00011,Tripoli,North,2024-09-18 18:38:18+00
12,CUST-00012,Nabatieh,Nabatieh,2026-02-18 01:46:14+00
13,CUST-00013,Tyre,South,2024-08-27 12:40:09+00
14,CUST-00014,Jounieh,Mount Lebanon,2024-11-02 06:35:57+00
15,CUST-00015,Sidon,South,2025-05-20 18:57:37+00
16,CUST-00016,Beirut,Beirut,2026-03-26 14:39:00+00
17,CUST-00017,Sidon,South,2025-01-08 22:39:22+00
18,CUST-00018,Beirut,Beirut,2025-04-26 07:03:18+00
19,CUST-00019,Jounieh,Mount Lebanon,2024-02-10 13:58:06+00
20,CUST-00020,Tyre,South,2024-04-22 20:16:00+00
21,CUST-00021,Zahle,Bekaa,2024-02-24 11:49:28+00
22,CUST-00022,Tripoli,North,2024-03-11 04:27:16+00
23,CUST-00023,Baalbek,Bekaa,2026-04-25 22:32:08+00
24,CUST-00024,Nabatieh,Nabatieh,2026-03-31 02:25:59+00
25,CUST-00025,Jounieh,Mount Lebanon,2026-03-11 12:24:51+00
26,CUST-00026,Beirut,Beirut,2024-02-24 02:57:20+00
27,CUST-00027,Sidon,South,2024-03-16 15:01:38+00
28,CUST-00028,Beirut,Beirut,2024-09-30 07:34:22+00
29,CUST-00029,Beirut,Beirut,2025-07-04 14:20:18+00
30,CUST-00030,Zahle,Bekaa,2024-11-21 10:37:25+00
31,CUST-00031,Zahle,Bekaa,2025-04-19 21:12:17+00
32,CUST-00032,Baalbek,Bekaa,2024-06-17 11:55:05+00
33,CUST-00033,Tripoli,North,2025-12-12 18:40:01+00
34,CUST-00034,Tripoli,North,2024-11-01 17:34:17+00
35,CUST-00035,Sidon,South,2024-03-05 19:27:29+00
36,CUST-00036,Beirut,Beirut,2025-12-24 09:10:53+00
37,CUST-00037,Beirut,Beirut,2026-05-29 07:34:53+00
38,CUST-00038,Sidon,South,2024-01-15 07:13:34+00
39,CUST-00039,Beirut,Beirut,2025-03-01 07:40:08+00
40,CUST-00040,Tyre,South,2026-03-16 16:00:21+00
41,CUST-00041,Sidon,South,2025-11-18 19:18:31+00
42,CUST-00042,Jounieh,Mount Lebanon,2026-04-14 06:39:59+00
43,CUST-00043,Zahle,Bekaa,2025-02-08 09:56:59+00
44,CUST-00044,Tripoli,North,2024-12-28 13:59:11+00
45,CUST-00045,Jounieh,Mount Lebanon,2025-11-21 17:41:48+00
46,CUST-00046,Jounieh,Mount Lebanon,2024-05-29 14:51:18+00
47,CUST-00047,Tripoli,North,2024-08-21 04:42:45+00
48,CUST-00048,Tripoli,North,2025-08-08 05:14:43+00
49,CUST-00049,Zahle,Bekaa,2025-10-13 01:47:42+00
50,CUST-00050,Beirut,Beirut,2024-04-26 13:27:56+00
51,CUST-00051,Beirut,Beirut,2025-05-10 02:15:33+00
52,CUST-00052,Beirut,Beirut,2024-12-21 10:21:17+00
53,CUST-00053,Jounieh,Mount Lebanon,2025-05-03 16:46:52+00
54,CUST-00054,Tyre,South,2026-07-22 12:14:25+00
55,CUST-00055,Zahle,Bekaa,2024-03-15 14:50:49+00
56,CUST-00056,Jounieh,Mount Lebanon,2026-08-27 13:58:39+00
57,CUST-00057,Sidon,South,2025-03-13 21:21:05+00
58,CUST-00058,Sidon,South,2026-01-22 00:43:26+00
59,CUST-00059,Beirut,Beirut,2025-02-17 10:25:30+00
60,CUST-00060,Beirut,Beirut,2024-10-29 21:02:10+00
61,CUST-00061,Tyre,South,2026-01-20 13:32:21+00
62,CUST-00062,Sidon,South,2025-10-31 18:51:29+00
63,CUST-00063,Sidon,South,2024-05-20 07:29:57+00
64,CUST-00064,Jounieh,Mount Lebanon,2025-11-18 01:34:45+00
65,CUST-00065,Tyre,South,2026-01-03 11:56:13+00
66,CUST-00066,Sidon,South,2025-01-12 18:11:14+00
67,CUST-00067,Sidon,South,2026-06-20 13:59:00+00
68,CUST-00068,Tripoli,North,2025-09-16 05:24:45+00
69,CUST-00069,Beirut,Beirut,2024-11-20 22:53:48+00
70,CUST-00070,Sidon,South,2024-01-11 10:46:09+00
71,CUST-00071,Beirut,Beirut,2025-10-19 09:52:26+00
72,CUST-00072,Tripoli,North,2024-07-22 14:55:54+00
73,CUST-00073,Jounieh,Mount Lebanon,2026-01-06 20:33:48+00
74,CUST-00074,Beirut,Beirut,2025-05-26 10:27:50+00
75,CUST-00075,Beirut,Beirut,2025-03-30 14:12:02+00
76,CUST-00076,Tripoli,North,2024-06-08 11:51:01+00
77,CUST-00077,Tripoli,North,2025-11-24 00:08:50+00
78,CUST-00078,Tyre,South,2024-06-10 14:14:20+00
79,CUST-00079,Sidon,South,2025-02-10 21:24:39+00
80,CUST-00080,Jounieh,Mount Lebanon,2026-03-25 13:26:56+00
81,CUST-00081,Tyre,South,2026-06-15 10:28:19+00
82,CUST-00082,Tripoli,North,2026-08-21 09:58:23+00
83,CUST-00083,Jounieh,Mount Lebanon,2026-07-22 02:29:16+00
84,CUST-00084,Beirut,Beirut,2025-06-25 12:20:28+00
85,CUST-00085,Beirut,Beirut,2024-07-14 06:25:59+00
86,CUST-00086,Beirut,Beirut,2026-03-28 06:05:38+00
87,CUST-00087,Zahle,Bekaa,2026-02-19 18:54:54+00
88,CUST-00088,Sidon,South,2026-08-22 13:45:33+00
89,CUST-00089,Beirut,Beirut,2025-09-26 00:33:28+00
90,CUST-00090,Sidon,South,2024-05-17 21:56:43+00
91,CUST-00091,Beirut,Beirut,2025-05-04 19:50:30+00
92,CUST-00092,Zahle,Bekaa,2025-03-12 14:11:22+00
93,CUST-00093,Sidon,South,2026-04-01 00:44:05+00
94,CUST-00094,Tripoli,North,2025-01-17 08:46:47+00
95,CUST-00095,Tripoli,North,2024-11-16 01:10:59+00
96,CUST-00096,Tyre,South,2024-03-18 23:13:55+00
97,CUST-00097,Tripoli,North,2026-03-24 17:37:56+00
98,CUST-00098,Beirut,Beirut,2026-01-05 16:35:53+00
99,CUST-00099,Beirut,Beirut,2024-02-10 03:44:19+00
100,CUST-00100,Baalbek,Bekaa,2025-02-26 12:01:06+00
101,CUST-00101,Nabatieh,Nabatieh,2025-04-12 05:53:28+00
102,CUST-00102,Zahle,Bekaa,2025-04-02 02:59:11+00
103,CUST-00103,Beirut,Beirut,2026-06-14 00:56:10+00
104,CUST-00104,Baalbek,Bekaa,2024-05-26 18:07:53+00
105,CUST-00105,Jounieh,Mount Lebanon,2024-10-25 09:06:32+00
106,CUST-00106,Zahle,Bekaa,2024-06-25 05:20:29+00
107,CUST-00107,Sidon,South,2024-08-25 17:43:15+00
108,CUST-00108,Tripoli,North,2026-06-02 12:27:15+00
109,CUST-00109,Beirut,Beirut,2026-07-05 06:19:13+00
110,CUST-00110,Nabatieh,Nabatieh,2024-02-13 11:43:01+00
111,CUST-00111,Sidon,South,2025-09-07 15:46:45+00
112,CUST-00112,Beirut,Beirut,2024-08-14 19:09:18+00
113,CUST-00113,Tripoli,North,2024-07-06 13:18:27+00
114,CUST-00114,Tyre,South,2024-10-11 11:10:44+00
115,CUST-00115,Beirut,Beirut,2024-07-08 07:59:27+00
116,CUST-00116,Jounieh,Mount Lebanon,2025-04-22 10:51:27+00
117,CUST-00117,Zahle,Bekaa,2026-08-27 17:23:38+00
118,CUST-00118,Zahle,Bekaa,2025-07-25 04:44:32+00
119,CUST-00119,Sidon,South,2025-12-05 10:31:51+00
120,CUST-00120,Tyre,South,2025-04-25 11:08:47+00
121,CUST-00121,Tyre,South,2024-01-14 13:05:46+00
122,CUST-00122,Tyre,South,2024-03-22 22:16:48+00
123,CUST-00123,Beirut,Beirut,2024-09-18 21:09:56+00
124,CUST-00124,Tripoli,North,2024-08-25 07:58:13+00
125,CUST-00125,Beirut,Beirut,2026-03-29 17:23:08+00
126,CUST-00126,Sidon,South,2026-04-01 15:43:19+00
127,CUST-00127,Tripoli,North,2026-04-11 21:56:29+00
128,CUST-00128,Beirut,Beirut,2025-09-13 00:16:24+00
129,CUST-00129,Beirut,Beirut,2025-06-25 17:06:13+00
130,CUST-00130,Tyre,South,2025-09-24 06:30:29+00
131,CUST-00131,Beirut,Beirut,2025-01-31 05:31:04+00
132,CUST-00132,Nabatieh,Nabatieh,2025-10-14 18:40:16+00
133,CUST-00133,Tyre,South,2026-02-12 18:53:36+00
134,CUST-00134,Tripoli,North,2026-01-13 01:37:15+00
135,CUST-00135,Tyre,South,2025-08-20 20:53:52+00
136,CUST-00136,Beirut,Beirut,2024-02-26 14:20:37+00
137,CUST-00137,Baalbek,Bekaa,2025-12-07 02:25:04+00
138,CUST-00138,Sidon,South,2024-12-23 01:50:15+00
139,CUST-00139,Jounieh,Mount Lebanon,2025-12-25 07:58:00+00
140,CUST-00140,Beirut,Beirut,2025-06-09 11:59:35+00
141,CUST-00141,Sidon,South,2026-05-08 06:35:55+00
142,CUST-00142,Sidon,South,2024-11-25 15:45:31+00
143,CUST-00143,Nabatieh,Nabatieh,2026-06-26 04:16:16+00
144,CUST-00144,Tyre,South,2026-04-02 12:32:17+00
145,CUST-00145,Sidon,South,2024-11-18 11:57:28+00
146,CUST-00146,Beirut,Beirut,2025-04-15 00:36:53+00
147,CUST-00147,Tripoli,North,2025-06-01 12:47:29+00
148,CUST-00148,Sidon,South,2026-01-18 15:26:18+00
149,CUST-00149,Sidon,South,2025-11-02 05:44:17+00
150,CUST-00150,Beirut,Beirut,2026-04-09 20:42:52+00
151,CUST-00151,Jounieh,Mount Lebanon,2024-12-26 06:01:46+00
152,CUST-00152,Nabatieh,Nabatieh,2025-05-06 16:00:20+00
153,CUST-00153,Beirut,Beirut,2025-02-23 15:53:41+00
154,CUST-00154,Sidon,South,2026-06-04 21:41:35+00
155,CUST-00155,Beirut,Beirut,2024-10-24 01:13:34+00
156,CUST-00156,Zahle,Bekaa,2025-07-25 20:36:33+00
157,CUST-00157,Tripoli,North,2024-04-27 01:00:13+00
158,CUST-00158,Tyre,South,2026-04-08 04:00:43+00
159,CUST-00159,Zahle,Bekaa,2025-01-09 05:28:43+00
160,CUST-00160,Jounieh,Mount Lebanon,2024-11-27 17:39:01+00
161,CUST-00161,Beirut,Beirut,2025-07-21 18:16:22+00
162,CUST-00162,Nabatieh,Nabatieh,2025-04-30 20:20:42+00
163,CUST-00163,Beirut,Beirut,2026-04-05 22:17:39+00
164,CUST-00164,Beirut,Beirut,2025-06-01 14:15:52+00
165,CUST-00165,Sidon,South,2025-05-18 13:16:02+00
166,CUST-00166,Tripoli,North,2024-04-12 06:00:21+00
167,CUST-00167,Jounieh,Mount Lebanon,2024-01-22 08:49:33+00
168,CUST-00168,Jounieh,Mount Lebanon,2025-01-23 04:33:48+00
169,CUST-00169,Tripoli,North,2026-08-30 06:03:51+00
170,CUST-00170,Baalbek,Bekaa,2026-06-12 11:41:07+00
171,CUST-00171,Tripoli,North,2025-09-04 15:01:45+00
172,CUST-00172,Sidon,South,2025-09-06 10:20:04+00
173,CUST-00173,Beirut,Beirut,2025-01-16 07:47:23+00
174,CUST-00174,Nabatieh,Nabatieh,2024-06-21 21:23:37+00
175,CUST-00175,Beirut,Beirut,2024-01-09 07:47:18+00
176,CUST-00176,Beirut,Beirut,2024-11-26 01:05:21+00
177,CUST-00177,Sidon,South,2024-11-04 05:45:33+00
178,CUST-00178,Baalbek,Bekaa,2024-07-05 14:54:43+00
179,CUST-00179,Nabatieh,Nabatieh,2024-09-09 10:17:17+00
180,CUST-00180,Zahle,Bekaa,2024-01-25 04:15:55+00
181,CUST-00181,Nabatieh,Nabatieh,2025-08-15 03:40:39+00
182,CUST-00182,Nabatieh,Nabatieh,2026-06-22 08:18:56+00
183,CUST-00183,Sidon,South,2025-11-03 20:08:23+00
184,CUST-00184,Tripoli,North,2025-03-12 13:17:40+00
185,CUST-00185,Jounieh,Mount Lebanon,2025-02-13 08:11:20+00
186,CUST-00186,Tyre,South,2024-10-26 12:56:23+00
187,CUST-00187,Tripoli,North,2024-05-18 16:53:04+00
188,CUST-00188,Beirut,Beirut,2025-08-05 22:00:10+00
189,CUST-00189,Zahle,Bekaa,2025-07-05 19:03:52+00
190,CUST-00190,Beirut,Beirut,2024-01-08 02:58:57+00
191,CUST-00191,Nabatieh,Nabatieh,2025-02-08 17:13:51+00
192,CUST-00192,Beirut,Beirut,2024-09-27 19:02:41+00
193,CUST-00193,Beirut,Beirut,2024-06-14 20:30:20+00
194,CUST-00194,Jounieh,Mount Lebanon,2025-11-15 18:06:37+00
195,CUST-00195,Beirut,Beirut,2025-05-27 03:42:43+00
196,CUST-00196,Beirut,Beirut,2025-09-09 07:00:07+00
197,CUST-00197,Tyre,South,2025-11-25 22:20:48+00
198,CUST-00198,Nabatieh,Nabatieh,2026-08-14 06:41:44+00
199,CUST-00199,Beirut,Beirut,2026-02-20 21:22:47+00
200,CUST-00200,Tripoli,North,2025-08-27 05:28:54+00
201,CUST-00201,Jounieh,Mount Lebanon,2026-05-06 04:00:28+00
202,CUST-00202,Baalbek,Bekaa,2025-04-10 02:10:38+00
203,CUST-00203,Sidon,South,2026-08-17 03:54:14+00
204,CUST-00204,Beirut,Beirut,2026-01-11 15:14:51+00
205,CUST-00205,Beirut,Beirut,2025-09-25 23:02:57+00
206,CUST-00206,Beirut,Beirut,2026-05-29 20:11:32+00
207,CUST-00207,Beirut,Beirut,2025-05-16 16:29:03+00
208,CUST-00208,Zahle,Bekaa,2025-12-02 22:59:18+00
209,CUST-00209,Beirut,Beirut,2024-10-04 07:52:08+00
210,CUST-00210,Sidon,South,2026-07-27 04:01:32+00
211,CUST-00211,Zahle,Bekaa,2025-08-30 03:50:09+00
212,CUST-00212,Tyre,South,2026-01-31 16:09:10+00
213,CUST-00213,Beirut,Beirut,2025-03-24 18:12:12+00
214,CUST-00214,Jounieh,Mount Lebanon,2026-04-24 06:21:01+00
215,CUST-00215,Zahle,Bekaa,2024-03-13 05:58:54+00
216,CUST-00216,Zahle,Bekaa,2024-04-21 03:17:48+00
217,CUST-00217,Beirut,Beirut,2025-05-08 22:21:18+00
218,CUST-00218,Beirut,Beirut,2025-12-14 08:53:52+00
219,CUST-00219,Nabatieh,Nabatieh,2026-02-27 04:18:21+00
220,CUST-00220,Tripoli,North,2025-03-04 15:30:48+00
221,CUST-00221,Tripoli,North,2025-09-24 18:45:39+00
222,CUST-00222,Sidon,South,2025-06-22 17:21:16+00
223,CUST-00223,Tyre,South,2026-07-25 12:33:37+00
224,CUST-00224,Baalbek,Bekaa,2025-09-29 02:17:52+00
225,CUST-00225,Tripoli,North,2025-02-10 00:08:38+00
226,CUST-00226,Nabatieh,Nabatieh,2026-08-02 14:23:53+00
227,CUST-00227,Beirut,Beirut,2024-04-14 11:08:49+00
228,CUST-00228,Sidon,South,2026-08-16 23:29:50+00
229,CUST-00229,Tyre,South,2024-05-30 00:12:32+00
230,CUST-00230,Beirut,Beirut,2024-10-07 17:37:24+00
231,CUST-00231,Beirut,Beirut,2026-03-11 02:41:03+00
232,CUST-00232,Tripoli,North,2025-12-15 16:13:18+00
233,CUST-00233,Baalbek,Bekaa,2026-08-03 03:00:02+00
234,CUST-00234,Tyre,South,2025-12-31 11:36:54+00
235,CUST-00235,Nabatieh,Nabatieh,2025-09-12 10:42:37+00
236,CUST-00236,Jounieh,Mount Lebanon,2024-12-03 11:37:01+00
237,CUST-00237,Sidon,South,2024-01-05 14:09:38+00
238,CUST-00238,Jounieh,Mount Lebanon,2024-04-30 15:34:47+00
239,CUST-00239,Beirut,Beirut,2024-10-17 00:50:26+00
240,CUST-00240,Beirut,Beirut,2024-02-09 21:10:34+00
241,CUST-00241,Jounieh,Mount Lebanon,2025-05-09 23:12:26+00
242,CUST-00242,Jounieh,Mount Lebanon,2026-01-27 03:10:22+00
243,CUST-00243,Beirut,Beirut,2026-07-27 05:02:35+00
244,CUST-00244,Sidon,South,2025-04-21 23:13:16+00
245,CUST-00245,Tyre,South,2026-05-02 06:07:12+00
246,CUST-00246,Nabatieh,Nabatieh,2026-08-17 21:59:13+00
247,CUST-00247,Tyre,South,2026-04-17 11:21:01+00
248,CUST-00248,Tripoli,North,2025-03-28 21:13:10+00
249,CUST-00249,Tripoli,North,2024-11-12 19:17:12+00
250,CUST-00250,Tripoli,North,2026-08-10 11:47:14+00
251,CUST-00251,Tyre,South,2024-08-23 14:55:29+00
252,CUST-00252,Nabatieh,Nabatieh,2025-02-04 21:00:02+00
253,CUST-00253,Sidon,South,2024-03-13 02:32:12+00
254,CUST-00254,Beirut,Beirut,2026-02-12 01:06:50+00
255,CUST-00255,Beirut,Beirut,2025-09-24 22:35:37+00
256,CUST-00256,Zahle,Bekaa,2024-03-23 14:44:07+00
257,CUST-00257,Jounieh,Mount Lebanon,2024-08-04 03:47:27+00
258,CUST-00258,Beirut,Beirut,2025-06-25 00:28:22+00
259,CUST-00259,Beirut,Beirut,2025-06-10 08:40:28+00
260,CUST-00260,Tyre,South,2026-02-20 04:56:58+00
261,CUST-00261,Beirut,Beirut,2024-09-16 04:17:38+00
262,CUST-00262,Jounieh,Mount Lebanon,2026-06-19 15:49:34+00
263,CUST-00263,Tripoli,North,2025-03-08 22:00:57+00
264,CUST-00264,Beirut,Beirut,2026-03-12 04:42:08+00
265,CUST-00265,Nabatieh,Nabatieh,2024-08-20 04:23:44+00
266,CUST-00266,Beirut,Beirut,2024-02-06 00:13:39+00
267,CUST-00267,Tripoli,North,2024-02-23 14:56:05+00
268,CUST-00268,Beirut,Beirut,2024-12-29 00:17:23+00
269,CUST-00269,Beirut,Beirut,2026-07-17 08:54:19+00
270,CUST-00270,Beirut,Beirut,2024-02-17 10:22:31+00
271,CUST-00271,Beirut,Beirut,2024-12-25 09:13:55+00
272,CUST-00272,Beirut,Beirut,2024-04-16 10:34:58+00
273,CUST-00273,Beirut,Beirut,2026-06-26 08:15:12+00
274,CUST-00274,Tyre,South,2025-10-19 17:56:39+00
275,CUST-00275,Zahle,Bekaa,2026-01-12 20:40:43+00
276,CUST-00276,Tripoli,North,2025-11-25 17:07:24+00
277,CUST-00277,Tripoli,North,2025-10-01 22:39:12+00
278,CUST-00278,Sidon,South,2026-01-23 14:29:40+00
279,CUST-00279,Nabatieh,Nabatieh,2024-01-08 21:55:29+00
280,CUST-00280,Jounieh,Mount Lebanon,2026-04-22 22:54:44+00
281,CUST-00281,Beirut,Beirut,2025-12-21 15:04:55+00
282,CUST-00282,Beirut,Beirut,2025-12-21 04:57:00+00
283,CUST-00283,Beirut,Beirut,2025-01-18 04:58:25+00
284,CUST-00284,Beirut,Beirut,2026-02-19 01:10:27+00
285,CUST-00285,Tyre,South,2025-01-06 21:23:04+00
286,CUST-00286,Tripoli,North,2024-02-17 16:34:32+00
287,CUST-00287,Beirut,Beirut,2026-06-03 05:08:24+00
288,CUST-00288,Tripoli,North,2024-08-16 10:29:37+00
289,CUST-00289,Sidon,South,2024-04-09 06:01:02+00
290,CUST-00290,Beirut,Beirut,2025-08-28 17:28:56+00
291,CUST-00291,Jounieh,Mount Lebanon,2024-08-15 13:52:42+00
292,CUST-00292,Beirut,Beirut,2026-04-15 19:32:13+00
293,CUST-00293,Nabatieh,Nabatieh,2025-03-08 05:06:22+00
294,CUST-00294,Beirut,Beirut,2024-01-05 09:11:41+00
295,CUST-00295,Jounieh,Mount Lebanon,2026-07-15 23:21:47+00
296,CUST-00296,Nabatieh,Nabatieh,2025-05-16 05:58:31+00
297,CUST-00297,Baalbek,Bekaa,2024-09-13 03:21:29+00
298,CUST-00298,Jounieh,Mount Lebanon,2025-10-21 16:16:12+00
299,CUST-00299,Jounieh,Mount Lebanon,2025-05-31 19:33:02+00
300,CUST-00300,Tyre,South,2024-01-29 20:05:59+00
301,CUST-00301,Jounieh,Mount Lebanon,2026-01-09 21:31:00+00
302,CUST-00302,Beirut,Beirut,2025-01-25 22:05:15+00
303,CUST-00303,Sidon,South,2025-11-12 14:55:54+00
304,CUST-00304,Sidon,South,2026-05-22 08:21:39+00
305,CUST-00305,Jounieh,Mount Lebanon,2025-08-17 17:41:06+00
306,CUST-00306,Sidon,South,2025-10-16 03:37:15+00
307,CUST-00307,Tripoli,North,2024-09-05 00:42:10+00
308,CUST-00308,Tyre,South,2024-08-19 11:30:06+00
309,CUST-00309,Beirut,Beirut,2025-02-08 05:04:41+00
310,CUST-00310,Beirut,Beirut,2026-04-10 14:36:42+00
311,CUST-00311,Sidon,South,2025-05-25 13:32:05+00
312,CUST-00312,Tripoli,North,2024-12-04 23:34:57+00
313,CUST-00313,Beirut,Beirut,2026-01-29 08:10:36+00
314,CUST-00314,Tripoli,North,2026-04-11 03:47:06+00
315,CUST-00315,Tripoli,North,2026-05-29 01:37:11+00
316,CUST-00316,Tripoli,North,2024-10-18 04:06:24+00
317,CUST-00317,Tripoli,North,2025-11-22 04:33:02+00
318,CUST-00318,Zahle,Bekaa,2025-07-28 23:19:34+00
319,CUST-00319,Tripoli,North,2025-03-13 07:09:57+00
320,CUST-00320,Baalbek,Bekaa,2025-01-21 14:52:15+00
321,CUST-00321,Nabatieh,Nabatieh,2024-04-21 13:47:52+00
322,CUST-00322,Sidon,South,2024-09-24 16:18:37+00
323,CUST-00323,Tripoli,North,2025-06-19 08:58:25+00
324,CUST-00324,Sidon,South,2026-05-13 12:10:10+00
325,CUST-00325,Jounieh,Mount Lebanon,2026-04-23 19:36:02+00
326,CUST-00326,Tyre,South,2024-07-01 17:11:23+00
327,CUST-00327,Jounieh,Mount Lebanon,2025-10-23 15:50:53+00
328,CUST-00328,Sidon,South,2024-03-23 14:33:20+00
329,CUST-00329,Tyre,South,2025-10-19 11:06:19+00
330,CUST-00330,Tripoli,North,2024-11-29 00:53:02+00
331,CUST-00331,Zahle,Bekaa,2025-03-14 03:39:12+00
332,CUST-00332,Beirut,Beirut,2025-11-29 23:31:57+00
333,CUST-00333,Zahle,Bekaa,2025-02-17 20:11:28+00
334,CUST-00334,Nabatieh,Nabatieh,2026-02-25 10:31:16+00
335,CUST-00335,Beirut,Beirut,2025-06-03 16:58:57+00
336,CUST-00336,Tyre,South,2026-08-30 18:37:30+00
337,CUST-00337,Beirut,Beirut,2025-09-13 15:31:02+00
338,CUST-00338,Zahle,Bekaa,2024-10-15 15:45:33+00
339,CUST-00339,Beirut,Beirut,2026-01-25 03:07:11+00
340,CUST-00340,Nabatieh,Nabatieh,2025-02-01 08:03:03+00
341,CUST-00341,Beirut,Beirut,2025-06-04 06:43:18+00
342,CUST-00342,Baalbek,Bekaa,2024-05-13 06:20:03+00
343,CUST-00343,Jounieh,Mount Lebanon,2024-04-26 05:45:57+00
344,CUST-00344,Tyre,South,2025-07-13 22:12:22+00
345,CUST-00345,Jounieh,Mount Lebanon,2024-06-30 20:05:13+00
346,CUST-00346,Jounieh,Mount Lebanon,2026-08-29 15:25:51+00
347,CUST-00347,Baalbek,Bekaa,2026-04-13 10:13:38+00
348,CUST-00348,Beirut,Beirut,2025-11-13 15:47:40+00
349,CUST-00349,Tyre,South,2025-12-16 14:19:45+00
350,CUST-00350,Beirut,Beirut,2025-08-02 17:41:43+00
351,CUST-00351,Tyre,South,2024-02-28 17:21:00+00
352,CUST-00352,Beirut,Beirut,2025-01-17 04:01:11+00
353,CUST-00353,Sidon,South,2025-04-27 21:51:23+00
354,CUST-00354,Tyre,South,2026-06-10 12:01:25+00
355,CUST-00355,Sidon,South,2024-08-01 18:49:31+00
356,CUST-00356,Sidon,South,2025-04-28 23:55:20+00
357,CUST-00357,Jounieh,Mount Lebanon,2024-12-01 02:53:53+00
358,CUST-00358,Jounieh,Mount Lebanon,2024-05-10 20:57:39+00
359,CUST-00359,Sidon,South,2024-04-10 08:08:52+00
360,CUST-00360,Tyre,South,2024-12-21 21:05:13+00
361,CUST-00361,Nabatieh,Nabatieh,2024-03-21 06:40:48+00
362,CUST-00362,Beirut,Beirut,2024-03-06 10:05:16+00
363,CUST-00363,Beirut,Beirut,2024-12-07 17:53:55+00
364,CUST-00364,Beirut,Beirut,2024-07-15 17:27:43+00
365,CUST-00365,Tyre,South,2025-06-24 09:13:36+00
366,CUST-00366,Tripoli,North,2024-01-18 05:01:31+00
367,CUST-00367,Jounieh,Mount Lebanon,2024-10-20 23:10:28+00
368,CUST-00368,Zahle,Bekaa,2025-03-17 11:52:16+00
369,CUST-00369,Tripoli,North,2026-07-27 02:27:34+00
370,CUST-00370,Nabatieh,Nabatieh,2025-09-10 01:00:47+00
371,CUST-00371,Jounieh,Mount Lebanon,2026-05-07 19:41:42+00
372,CUST-00372,Tripoli,North,2024-11-30 08:48:16+00
373,CUST-00373,Tripoli,North,2025-03-14 00:25:12+00
374,CUST-00374,Tripoli,North,2025-02-13 10:50:39+00
375,CUST-00375,Beirut,Beirut,2026-05-14 07:44:15+00
376,CUST-00376,Beirut,Beirut,2026-07-23 06:28:33+00
377,CUST-00377,Nabatieh,Nabatieh,2026-07-26 07:31:29+00
378,CUST-00378,Sidon,South,2026-01-02 09:53:23+00
379,CUST-00379,Tripoli,North,2025-05-05 00:43:42+00
380,CUST-00380,Zahle,Bekaa,2025-06-10 19:03:53+00
381,CUST-00381,Sidon,South,2026-08-13 00:24:22+00
382,CUST-00382,Nabatieh,Nabatieh,2024-10-04 03:25:38+00
383,CUST-00383,Jounieh,Mount Lebanon,2024-12-03 16:38:06+00
384,CUST-00384,Sidon,South,2026-05-23 16:11:49+00
385,CUST-00385,Tripoli,North,2025-01-11 06:40:07+00
386,CUST-00386,Baalbek,Bekaa,2024-08-16 23:37:48+00
387,CUST-00387,Zahle,Bekaa,2025-06-29 21:32:06+00
388,CUST-00388,Baalbek,Bekaa,2024-11-12 21:12:41+00
389,CUST-00389,Beirut,Beirut,2026-05-17 17:03:19+00
390,CUST-00390,Jounieh,Mount Lebanon,2026-06-04 10:17:56+00
391,CUST-00391,Tyre,South,2024-10-25 01:17:32+00
392,CUST-00392,Beirut,Beirut,2025-05-30 18:34:30+00
393,CUST-00393,Tyre,South,2026-08-16 09:48:17+00
394,CUST-00394,Zahle,Bekaa,2025-12-24 00:25:27+00
395,CUST-00395,Beirut,Beirut,2024-07-29 00:30:15+00
396,CUST-00396,Sidon,South,2025-07-29 09:15:01+00
397,CUST-00397,Jounieh,Mount Lebanon,2025-08-26 18:33:34+00
398,CUST-00398,Tripoli,North,2025-09-28 10:47:41+00
399,CUST-00399,Sidon,South,2024-01-25 08:38:39+00
400,CUST-00400,Sidon,South,2024-10-18 14:23:01+00
401,CUST-00401,Tripoli,North,2026-04-12 09:27:13+00
402,CUST-00402,Nabatieh,Nabatieh,2024-08-23 02:18:47+00
403,CUST-00403,Jounieh,Mount Lebanon,2024-10-18 21:41:06+00
404,CUST-00404,Beirut,Beirut,2024-11-10 02:34:51+00
405,CUST-00405,Baalbek,Bekaa,2024-06-21 18:37:07+00
406,CUST-00406,Nabatieh,Nabatieh,2024-05-31 09:36:07+00
407,CUST-00407,Tripoli,North,2024-12-03 23:50:07+00
408,CUST-00408,Jounieh,Mount Lebanon,2026-05-01 13:58:21+00
409,CUST-00409,Beirut,Beirut,2024-01-02 11:52:52+00
410,CUST-00410,Baalbek,Bekaa,2024-10-02 21:10:49+00
411,CUST-00411,Tyre,South,2024-02-29 01:12:59+00
412,CUST-00412,Tyre,South,2025-06-30 21:22:33+00
413,CUST-00413,Beirut,Beirut,2024-09-01 02:04:02+00
414,CUST-00414,Nabatieh,Nabatieh,2026-02-10 09:11:38+00
415,CUST-00415,Beirut,Beirut,2025-07-23 19:21:08+00
416,CUST-00416,Beirut,Beirut,2026-02-02 10:40:20+00
417,CUST-00417,Beirut,Beirut,2025-09-10 09:36:13+00
418,CUST-00418,Jounieh,Mount Lebanon,2025-03-02 23:43:01+00
419,CUST-00419,Beirut,Beirut,2026-04-18 13:57:56+00
420,CUST-00420,Nabatieh,Nabatieh,2025-04-08 20:59:27+00
421,CUST-00421,Tyre,South,2026-07-14 05:40:08+00
422,CUST-00422,Beirut,Beirut,2026-08-26 20:08:53+00
423,CUST-00423,Beirut,Beirut,2025-07-27 16:57:41+00
424,CUST-00424,Beirut,Beirut,2025-10-19 01:23:26+00
425,CUST-00425,Tyre,South,2024-09-06 00:22:04+00
426,CUST-00426,Jounieh,Mount Lebanon,2026-03-04 10:59:17+00
427,CUST-00427,Beirut,Beirut,2025-10-16 03:08:23+00
428,CUST-00428,Jounieh,Mount Lebanon,2026-05-29 02:06:05+00
429,CUST-00429,Beirut,Beirut,2024-09-17 01:35:07+00
430,CUST-00430,Jounieh,Mount Lebanon,2026-02-06 02:42:00+00
431,CUST-00431,Nabatieh,Nabatieh,2025-04-03 01:10:04+00
432,CUST-00432,Jounieh,Mount Lebanon,2024-06-29 08:45:08+00
433,CUST-00433,Zahle,Bekaa,2024-06-15 17:53:31+00
434,CUST-00434,Jounieh,Mount Lebanon,2025-07-01 13:18:11+00
435,CUST-00435,Beirut,Beirut,2024-11-07 03:27:12+00
436,CUST-00436,Beirut,Beirut,2024-04-09 05:52:40+00
437,CUST-00437,Beirut,Beirut,2025-02-20 00:58:18+00
438,CUST-00438,Sidon,South,2025-09-27 22:42:27+00
439,CUST-00439,Zahle,Bekaa,2024-11-06 15:45:20+00
440,CUST-00440,Tyre,South,2026-07-19 12:14:53+00
441,CUST-00441,Jounieh,Mount Lebanon,2026-01-29 06:41:59+00
442,CUST-00442,Beirut,Beirut,2025-05-14 09:37:29+00
443,CUST-00443,Zahle,Bekaa,2026-06-29 08:27:53+00
444,CUST-00444,Beirut,Beirut,2025-02-25 17:09:53+00
445,CUST-00445,Tripoli,North,2024-05-16 00:53:29+00
446,CUST-00446,Zahle,Bekaa,2024-02-04 21:51:36+00
447,CUST-00447,Baalbek,Bekaa,2026-07-02 15:14:20+00
448,CUST-00448,Tyre,South,2026-07-23 19:41:21+00
449,CUST-00449,Beirut,Beirut,2025-12-21 00:42:50+00
450,CUST-00450,Tyre,South,2024-04-10 07:47:26+00
451,CUST-00451,Beirut,Beirut,2024-10-13 00:22:26+00
452,CUST-00452,Nabatieh,Nabatieh,2024-02-10 00:15:53+00
453,CUST-00453,Zahle,Bekaa,2024-02-19 21:59:09+00
454,CUST-00454,Beirut,Beirut,2024-08-27 16:03:11+00
455,CUST-00455,Beirut,Beirut,2025-07-11 06:23:07+00
456,CUST-00456,Beirut,Beirut,2024-03-04 19:50:21+00
457,CUST-00457,Baalbek,Bekaa,2026-08-17 00:02:07+00
458,CUST-00458,Sidon,South,2025-03-19 06:50:04+00
459,CUST-00459,Jounieh,Mount Lebanon,2024-09-13 23:39:11+00
460,CUST-00460,Tyre,South,2025-05-17 16:04:06+00
461,CUST-00461,Tyre,South,2026-02-08 14:40:16+00
462,CUST-00462,Beirut,Beirut,2024-10-31 10:38:06+00
463,CUST-00463,Baalbek,Bekaa,2024-02-16 06:40:46+00
464,CUST-00464,Tripoli,North,2024-02-19 15:15:08+00
465,CUST-00465,Tyre,South,2026-04-09 20:01:19+00
466,CUST-00466,Zahle,Bekaa,2024-04-18 16:46:12+00
467,CUST-00467,Tyre,South,2025-09-11 00:55:51+00
468,CUST-00468,Baalbek,Bekaa,2025-01-09 12:10:27+00
469,CUST-00469,Beirut,Beirut,2026-01-27 07:14:25+00
470,CUST-00470,Sidon,South,2024-02-28 22:54:47+00
471,CUST-00471,Tripoli,North,2026-05-24 10:47:25+00
472,CUST-00472,Sidon,South,2025-11-11 00:52:58+00
473,CUST-00473,Beirut,Beirut,2025-03-13 14:18:57+00
474,CUST-00474,Beirut,Beirut,2024-07-20 15:18:43+00
475,CUST-00475,Tripoli,North,2026-08-09 17:40:06+00
476,CUST-00476,Tripoli,North,2024-10-21 05:13:29+00
477,CUST-00477,Tripoli,North,2025-04-22 18:12:39+00
478,CUST-00478,Tyre,South,2025-01-18 21:05:02+00
479,CUST-00479,Tyre,South,2024-08-12 13:20:40+00
480,CUST-00480,Tripoli,North,2025-02-09 18:40:00+00
481,CUST-00481,Tripoli,North,2024-05-27 13:06:11+00
482,CUST-00482,Beirut,Beirut,2024-01-02 14:49:14+00
483,CUST-00483,Tyre,South,2024-10-09 10:52:29+00
484,CUST-00484,Tripoli,North,2024-04-19 03:45:25+00
485,CUST-00485,Beirut,Beirut,2025-02-07 23:52:18+00
486,CUST-00486,Tripoli,North,2026-04-20 07:59:03+00
487,CUST-00487,Sidon,South,2024-06-07 08:13:07+00
488,CUST-00488,Beirut,Beirut,2024-01-02 04:49:26+00
489,CUST-00489,Tyre,South,2024-04-18 04:56:09+00
490,CUST-00490,Sidon,South,2025-05-09 22:55:12+00
491,CUST-00491,Zahle,Bekaa,2024-09-24 16:37:01+00
492,CUST-00492,Tyre,South,2025-04-21 18:35:56+00
493,CUST-00493,Tyre,South,2024-01-29 11:41:53+00
494,CUST-00494,Tripoli,North,2024-11-20 10:24:32+00
495,CUST-00495,Jounieh,Mount Lebanon,2025-02-03 11:18:21+00
496,CUST-00496,Sidon,South,2025-02-24 02:42:01+00
497,CUST-00497,Sidon,South,2025-06-20 19:52:33+00
498,CUST-00498,Tyre,South,2026-01-30 06:51:52+00
499,CUST-00499,Tripoli,North,2025-03-31 01:58:00+00
500,CUST-00500,Sidon,South,2026-03-30 07:58:40+00
