product_id,sku,name,description,product_type,price,sale_price,stock,status,category_id,created_at
1,SKU-00001,Orion USB Hub 001,Synthetic Build4All wholesale product: Orion USB Hub. Created for controlled multilingual Text-to-SQL research.,physical,100.49,,400,active,6,2024-02-25 13:30:56+00
2,SKU-00002,Nova Toaster 002,Synthetic Build4All wholesale product: Nova Toaster. Created for controlled multilingual Text-to-SQL research.,physical,2490.71,,497,active,7,2025-04-01 05:42:26+00
3,SKU-00003,Nova Laptop 003,Synthetic Build4All wholesale product: Nova Laptop. Created for controlled multilingual Text-to-SQL research.,physical,433.53,,163,active,6,2025-03-18 21:07:17+00
4,SKU-00004,Vertex Storage Cabinet 004,Synthetic Build4All wholesale product: Vertex Storage Cabinet. Created for controlled multilingual Text-to-SQL research.,physical,61.61,48.17,233,active,8,2024-09-09 16:39:56+00
5,SKU-00005,Atlas Shipping Labels 005,Synthetic Build4All wholesale product: Atlas Shipping Labels. Created for controlled multilingual Text-to-SQL research.,physical,636.38,,454,active,9,2024-05-04 15:23:14+00
6,SKU-00006,Luma Webcam 006,Synthetic Build4All wholesale product: Luma Webcam. Created for controlled multilingual Text-to-SQL research.,physical,31.70,,10,discontinued,6,2024-02-13 23:58:00+00
7,SKU-00007,Titan Toaster 007,Synthetic Build4All wholesale product: Titan Toaster. Created for controlled multilingual Text-to-SQL research.,physical,94.53,,137,active,7,2024-01-09 08:36:22+00
8,SKU-00008,Orion Jump Starter 008,Synthetic Build4All wholesale product: Orion Jump Starter. Created for controlled multilingual Text-to-SQL research.,physical,7.43,6.07,441,active,12,2025-04-13 23:20:29+00
9,SKU-00009,Nova Power Bank 009,Synthetic Build4All wholesale product: Nova Power Bank. Created for controlled multilingual Text-to-SQL research.,physical,5.62,4.73,426,active,5,2024-03-28 12:07:35+00
10,SKU-00010,Nova Side Table 010,Synthetic Build4All wholesale product: Nova Side Table. Created for controlled multilingual Text-to-SQL research.,physical,266.50,,22,active,8,2026-07-23 09:21:10+00
11,SKU-00011,Prime Measuring Tape 011,Synthetic Build4All wholesale product: Prime Measuring Tape. Created for controlled multilingual Text-to-SQL research.,physical,10.30,,6,discontinued,10,2024-08-26 09:12:34+00
12,SKU-00012,Orion Webcam 012,Synthetic Build4All wholesale product: Orion Webcam. Created for controlled multilingual Text-to-SQL research.,physical,780.63,664.61,272,active,6,2025-09-27 13:17:19+00
13,SKU-00013,Urban Bluetooth Earbuds 013,Synthetic Build4All wholesale product: Urban Bluetooth Earbuds. Created for controlled multilingual Text-to-SQL research.,physical,20.98,,104,active,5,2025-10-17 23:27:40+00
14,SKU-00014,Orion Bluetooth Earbuds 014,Synthetic Build4All wholesale product: Orion Bluetooth Earbuds. Created for controlled multilingual Text-to-SQL research.,physical,79.66,,377,active,5,2025-04-27 14:57:40+00
15,SKU-00015,Vertex Football 015,Synthetic Build4All wholesale product: Vertex Football. Created for controlled multilingual Text-to-SQL research.,physical,15.30,,482,active,11,2026-05-10 15:19:43+00
16,SKU-00016,Urban USB-C Charger 016,Synthetic Build4All wholesale product: Urban USB-C Charger. Created for controlled multilingual Text-to-SQL research.,physical,12.44,9.26,47,active,5,2024-04-17 19:32:16+00
17,SKU-00017,Atlas Laptop 017,Synthetic Build4All wholesale product: Atlas Laptop. Created for controlled multilingual Text-to-SQL research.,physical,2350.00,1848.55,94,active,6,2024-08-15 22:43:23+00
18,SKU-00018,Luma Phone Case 018,Synthetic Build4All wholesale product: Luma Phone Case. Created for controlled multilingual Text-to-SQL research.,physical,1118.64,,199,active,5,2024-09-02 20:57:02+00
19,SKU-00019,Titan Screen Protector 019,Synthetic Build4All wholesale product: Titan Screen Protector. Created for controlled multilingual Text-to-SQL research.,physical,13.79,10.84,474,active,5,2024-05-11 21:26:51+00
20,SKU-00020,Vertex Ballpoint Pen Set 020,Synthetic Build4All wholesale product: Vertex Ballpoint Pen Set. Created for controlled multilingual Text-to-SQL research.,physical,153.36,,18,discontinued,9,2024-10-14 02:38:09+00
21,SKU-00021,Titan Monitor 021,Synthetic Build4All wholesale product: Titan Monitor. Created for controlled multilingual Text-to-SQL research.,physical,387.81,363.62,466,active,6,2024-10-31 13:22:35+00
22,SKU-00022,Atlas Dining Chair 022,Synthetic Build4All wholesale product: Atlas Dining Chair. Created for controlled multilingual Text-to-SQL research.,physical,21.36,,246,active,8,2026-01-14 22:02:52+00
23,SKU-00023,Urban Ballpoint Pen Set 023,Synthetic Build4All wholesale product: Urban Ballpoint Pen Set. Created for controlled multilingual Text-to-SQL research.,physical,818.78,,83,active,9,2024-10-20 18:49:19+00
24,SKU-00024,Urban Football 024,Synthetic Build4All wholesale product: Urban Football. Created for controlled multilingual Text-to-SQL research.,physical,115.15,,6,discontinued,11,2026-05-03 21:59:29+00
25,SKU-00025,Orion Phone Case 025,Synthetic Build4All wholesale product: Orion Phone Case. Created for controlled multilingual Text-to-SQL research.,physical,311.82,296.15,9,active,5,2026-01-22 14:01:46+00
26,SKU-00026,Orion Dumbbell Set 026,Synthetic Build4All wholesale product: Orion Dumbbell Set. Created for controlled multilingual Text-to-SQL research.,physical,256.46,186.56,448,active,11,2026-05-28 04:46:47+00
27,SKU-00027,Nexa Printer Paper 027,Synthetic Build4All wholesale product: Nexa Printer Paper. Created for controlled multilingual Text-to-SQL research.,physical,85.73,,240,active,9,2024-04-12 11:43:50+00
28,SKU-00028,Atlas Laptop 028,Synthetic Build4All wholesale product: Atlas Laptop. Created for controlled multilingual Text-to-SQL research.,physical,173.70,135.51,111,active,6,2026-08-16 23:16:32+00
29,SKU-00029,Vertex Electric Drill 029,Synthetic Build4All wholesale product: Vertex Electric Drill. Created for controlled multilingual Text-to-SQL research.,physical,7.57,6.39,263,active,10,2025-08-20 23:59:44+00
30,SKU-00030,Nova Dumbbell Set 030,Synthetic Build4All wholesale product: Nova Dumbbell Set. Created for controlled multilingual Text-to-SQL research.,physical,1016.96,,71,active,11,2026-08-14 19:48:12+00
31,SKU-00031,Atlas Mechanical Keyboard 031,Synthetic Build4All wholesale product: Atlas Mechanical Keyboard. Created for controlled multilingual Text-to-SQL research.,physical,5.71,,174,active,6,2024-12-11 14:47:35+00
32,SKU-00032,Luma Resistance Bands 032,Synthetic Build4All wholesale product: Luma Resistance Bands. Created for controlled multilingual Text-to-SQL research.,physical,15.01,,15,discontinued,11,2026-07-17 05:18:27+00
33,SKU-00033,Luma Air Fryer 033,Synthetic Build4All wholesale product: Luma Air Fryer. Created for controlled multilingual Text-to-SQL research.,physical,7.61,7.01,233,active,7,2025-07-27 07:14:42+00
34,SKU-00034,Nexa Desk Organizer 034,Synthetic Build4All wholesale product: Nexa Desk Organizer. Created for controlled multilingual Text-to-SQL research.,physical,966.54,,65,active,9,2024-03-10 22:54:51+00
35,SKU-00035,Titan Car Vacuum 035,Synthetic Build4All wholesale product: Titan Car Vacuum. Created for controlled multilingual Text-to-SQL research.,physical,118.27,,224,active,12,2025-02-03 11:04:11+00
36,SKU-00036,Vertex Air Fryer 036,Synthetic Build4All wholesale product: Vertex Air Fryer. Created for controlled multilingual Text-to-SQL research.,physical,32.19,,204,active,7,2024-05-14 05:03:42+00
37,SKU-00037,Orion Electric Drill 037,Synthetic Build4All wholesale product: Orion Electric Drill. Created for controlled multilingual Text-to-SQL research.,physical,717.92,506.38,166,active,10,2026-07-05 19:21:15+00
38,SKU-00038,Orion Electric Kettle 038,Synthetic Build4All wholesale product: Orion Electric Kettle. Created for controlled multilingual Text-to-SQL research.,physical,2072.70,,249,active,7,2024-10-23 13:12:34+00
39,SKU-00039,Atlas Work Gloves 039,Synthetic Build4All wholesale product: Atlas Work Gloves. Created for controlled multilingual Text-to-SQL research.,physical,172.57,150.09,5,discontinued,10,2024-08-04 13:54:52+00
40,SKU-00040,Luma Notebook Pack 040,Synthetic Build4All wholesale product: Luma Notebook Pack. Created for controlled multilingual Text-to-SQL research.,physical,1056.08,,56,active,9,2025-06-22 12:32:58+00
41,SKU-00041,Atlas USB Hub 041,Synthetic Build4All wholesale product: Atlas USB Hub. Created for controlled multilingual Text-to-SQL research.,physical,55.55,,402,active,6,2025-02-18 02:34:29+00
42,SKU-00042,Atlas Toaster 042,Synthetic Build4All wholesale product: Atlas Toaster. Created for controlled multilingual Text-to-SQL research.,physical,1621.81,,464,active,7,2024-04-04 10:57:18+00
43,SKU-00043,Atlas Food Processor 043,Synthetic Build4All wholesale product: Atlas Food Processor. Created for controlled multilingual Text-to-SQL research.,physical,72.97,,0,out_of_stock,7,2026-03-06 06:21:57+00
44,SKU-00044,Nexa Phone Case 044,Synthetic Build4All wholesale product: Nexa Phone Case. Created for controlled multilingual Text-to-SQL research.,physical,277.88,,188,active,5,2026-04-03 19:20:58+00
45,SKU-00045,Luma Power Bank 045,Synthetic Build4All wholesale product: Luma Power Bank. Created for controlled multilingual Text-to-SQL research.,physical,45.77,41.58,176,active,5,2025-12-24 15:29:03+00
46,SKU-00046,Urban Microwave Oven 046,Synthetic Build4All wholesale product: Urban Microwave Oven. Created for controlled multilingual Text-to-SQL research.,physical,48.97,39.63,0,out_of_stock,7,2025-08-23 17:17:32+00
47,SKU-00047,Urban Charging Cable 047,Synthetic Build4All wholesale product: Urban Charging Cable. Created for controlled multilingual Text-to-SQL research.,physical,20.98,,486,active,5,2025-01-27 02:11:20+00
48,SKU-00048,Prime Wi-Fi Router 048,Synthetic Build4All wholesale product: Prime Wi-Fi Router. Created for controlled multilingual Text-to-SQL research.,physical,296.73,211.75,14,discontinued,6,2025-06-12 06:18:36+00
49,SKU-00049,Atlas Work Gloves 049,Synthetic Build4All wholesale product: Atlas Work Gloves. Created for controlled multilingual Text-to-SQL research.,physical,1531.70,,490,active,10,2025-05-22 10:48:43+00
50,SKU-00050,Cedar Electric Drill 050,Synthetic Build4All wholesale product: Cedar Electric Drill. Created for controlled multilingual Text-to-SQL research.,physical,319.47,,24,active,10,2024-06-10 00:19:02+00
51,SKU-00051,Nova Electric Drill 051,Synthetic Build4All wholesale product: Nova Electric Drill. Created for controlled multilingual Text-to-SQL research.,physical,479.39,,123,active,10,2024-03-20 16:27:59+00
52,SKU-00052,Vertex Electric Kettle 052,Synthetic Build4All wholesale product: Vertex Electric Kettle. Created for controlled multilingual Text-to-SQL research.,physical,4.14,,11,discontinued,7,2024-09-03 16:05:59+00
53,SKU-00053,Atlas Water Bottle 053,Synthetic Build4All wholesale product: Atlas Water Bottle. Created for controlled multilingual Text-to-SQL research.,physical,1145.45,,427,active,11,2025-03-18 12:29:59+00
54,SKU-00054,Nova Desk Organizer 054,Synthetic Build4All wholesale product: Nova Desk Organizer. Created for controlled multilingual Text-to-SQL research.,physical,11.25,,139,active,9,2024-06-05 03:27:14+00
55,SKU-00055,Nexa Wireless Charger 055,Synthetic Build4All wholesale product: Nexa Wireless Charger. Created for controlled multilingual Text-to-SQL research.,physical,126.48,,43,active,5,2024-04-13 21:27:37+00
56,SKU-00056,Urban Wi-Fi Router 056,Synthetic Build4All wholesale product: Urban Wi-Fi Router. Created for controlled multilingual Text-to-SQL research.,physical,13.38,,429,active,6,2026-04-09 18:47:22+00
57,SKU-00057,Titan Extension Cable 057,Synthetic Build4All wholesale product: Titan Extension Cable. Created for controlled multilingual Text-to-SQL research.,physical,44.57,33.31,255,active,10,2024-12-31 05:55:25+00
58,SKU-00058,Vertex Monitor 058,Synthetic Build4All wholesale product: Vertex Monitor. Created for controlled multilingual Text-to-SQL research.,physical,2228.53,,284,active,6,2025-07-23 00:54:37+00
59,SKU-00059,Nexa Folding Chair 059,Synthetic Build4All wholesale product: Nexa Folding Chair. Created for controlled multilingual Text-to-SQL research.,physical,43.30,,0,out_of_stock,8,2025-05-25 09:41:03+00
60,SKU-00060,Prime Jump Starter 060,Synthetic Build4All wholesale product: Prime Jump Starter. Created for controlled multilingual Text-to-SQL research.,physical,666.94,,39,active,12,2025-12-17 00:23:07+00
61,SKU-00061,Urban Power Bank 061,Synthetic Build4All wholesale product: Urban Power Bank. Created for controlled multilingual Text-to-SQL research.,physical,1113.25,912.74,155,active,5,2025-12-21 13:50:56+00
62,SKU-00062,Nexa Bluetooth Earbuds 062,Synthetic Build4All wholesale product: Nexa Bluetooth Earbuds. Created for controlled multilingual Text-to-SQL research.,physical,340.07,266.25,61,active,5,2024-10-15 08:03:51+00
63,SKU-00063,Urban Car Cover 063,Synthetic Build4All wholesale product: Urban Car Cover. Created for controlled multilingual Text-to-SQL research.,physical,5.18,,311,active,12,2026-04-05 20:40:59+00
64,SKU-00064,Orion Whiteboard 064,Synthetic Build4All wholesale product: Orion Whiteboard. Created for controlled multilingual Text-to-SQL research.,physical,15.90,14.36,249,active,9,2024-12-27 14:24:05+00
65,SKU-00065,Prime Power Bank 065,Synthetic Build4All wholesale product: Prime Power Bank. Created for controlled multilingual Text-to-SQL research.,physical,1780.95,,53,active,5,2026-03-24 11:46:57+00
66,SKU-00066,Titan Dumbbell Set 066,Synthetic Build4All wholesale product: Titan Dumbbell Set. Created for controlled multilingual Text-to-SQL research.,physical,2120.38,1668.91,496,active,11,2025-01-29 07:53:22+00
67,SKU-00067,Titan Training Bench 067,Synthetic Build4All wholesale product: Titan Training Bench. Created for controlled multilingual Text-to-SQL research.,physical,63.32,,319,active,11,2024-04-18 02:35:54+00
68,SKU-00068,Nova Storage Cabinet 068,Synthetic Build4All wholesale product: Nova Storage Cabinet. Created for controlled multilingual Text-to-SQL research.,physical,124.95,,242,active,8,2026-01-10 06:06:35+00
69,SKU-00069,Cedar Whiteboard 069,Synthetic Build4All wholesale product: Cedar Whiteboard. Created for controlled multilingual Text-to-SQL research.,physical,376.17,,25,active,9,2024-01-30 09:03:04+00
70,SKU-00070,Luma USB Hub 070,Synthetic Build4All wholesale product: Luma USB Hub. Created for controlled multilingual Text-to-SQL research.,physical,5.35,,382,active,6,2026-01-22 06:31:24+00
71,SKU-00071,Luma Charging Cable 071,Synthetic Build4All wholesale product: Luma Charging Cable. Created for controlled multilingual Text-to-SQL research.,physical,5.88,,63,active,5,2024-02-12 00:58:11+00
72,SKU-00072,Prime Whiteboard 072,Synthetic Build4All wholesale product: Prime Whiteboard. Created for controlled multilingual Text-to-SQL research.,physical,125.19,,437,active,9,2024-07-20 10:28:22+00
73,SKU-00073,Urban USB Hub 073,Synthetic Build4All wholesale product: Urban USB Hub. Created for controlled multilingual Text-to-SQL research.,physical,70.19,49.68,202,active,6,2025-08-10 16:15:08+00
74,SKU-00074,Atlas Ballpoint Pen Set 074,Synthetic Build4All wholesale product: Atlas Ballpoint Pen Set. Created for controlled multilingual Text-to-SQL research.,physical,13.54,,0,out_of_stock,9,2026-07-06 01:24:44+00
75,SKU-00075,Luma Dumbbell Set 075,Synthetic Build4All wholesale product: Luma Dumbbell Set. Created for controlled multilingual Text-to-SQL research.,physical,7.34,,68,active,11,2025-02-01 20:34:29+00
76,SKU-00076,Orion Car Phone Holder 076,Synthetic Build4All wholesale product: Orion Car Phone Holder. Created for controlled multilingual Text-to-SQL research.,physical,2140.68,,416,active,5,2024-04-27 12:26:20+00
77,SKU-00077,Luma Ballpoint Pen Set 077,Synthetic Build4All wholesale product: Luma Ballpoint Pen Set. Created for controlled multilingual Text-to-SQL research.,physical,9.06,,153,active,9,2024-08-14 20:28:54+00
78,SKU-00078,Atlas USB Hub 078,Synthetic Build4All wholesale product: Atlas USB Hub. Created for controlled multilingual Text-to-SQL research.,physical,1304.18,,274,active,6,2026-05-22 19:44:59+00
79,SKU-00079,Urban Football 079,Synthetic Build4All wholesale product: Urban Football. Created for controlled multilingual Text-to-SQL research.,physical,89.60,,432,active,11,2025-12-08 20:10:34+00
80,SKU-00080,Vertex Monitor 080,Synthetic Build4All wholesale product: Vertex Monitor. Created for controlled multilingual Text-to-SQL research.,physical,49.74,46.29,184,active,6,2024-04-07 18:50:54+00
81,SKU-00081,Urban Desk Organizer 081,Synthetic Build4All wholesale product: Urban Desk Organizer. Created for controlled multilingual Text-to-SQL research.,physical,70.67,,419,active,9,2025-01-09 21:21:27+00
82,SKU-00082,Nova Dining Chair 082,Synthetic Build4All wholesale product: Nova Dining Chair. Created for controlled multilingual Text-to-SQL research.,physical,11.03,7.79,0,out_of_stock,8,2024-09-14 15:52:57+00
83,SKU-00083,Titan Air Fryer 083,Synthetic Build4All wholesale product: Titan Air Fryer. Created for controlled multilingual Text-to-SQL research.,physical,110.68,,113,active,7,2024-06-22 05:00:00+00
84,SKU-00084,Luma Shipping Labels 084,Synthetic Build4All wholesale product: Luma Shipping Labels. Created for controlled multilingual Text-to-SQL research.,physical,18.32,16.70,467,active,9,2026-04-04 11:16:56+00
85,SKU-00085,Prime Electric Drill 085,Synthetic Build4All wholesale product: Prime Electric Drill. Created for controlled multilingual Text-to-SQL research.,physical,155.49,,101,active,10,2025-08-24 15:37:38+00
86,SKU-00086,Orion Storage Cabinet 086,Synthetic Build4All wholesale product: Orion Storage Cabinet. Created for controlled multilingual Text-to-SQL research.,physical,225.04,168.75,21,discontinued,8,2024-06-23 19:48:24+00
87,SKU-00087,Cedar Angle Grinder 087,Synthetic Build4All wholesale product: Cedar Angle Grinder. Created for controlled multilingual Text-to-SQL research.,physical,1798.50,,433,active,10,2025-09-25 18:38:55+00
88,SKU-00088,Nova Car Vacuum 088,Synthetic Build4All wholesale product: Nova Car Vacuum. Created for controlled multilingual Text-to-SQL research.,physical,17.13,,312,active,12,2025-02-06 19:33:50+00
89,SKU-00089,Titan Rice Cooker 089,Synthetic Build4All wholesale product: Titan Rice Cooker. Created for controlled multilingual Text-to-SQL research.,physical,571.54,,192,active,7,2024-02-29 21:04:47+00
90,SKU-00090,Prime Bookshelf 090,Synthetic Build4All wholesale product: Prime Bookshelf. Created for controlled multilingual Text-to-SQL research.,physical,31.54,,91,active,8,2025-03-14 03:54:39+00
91,SKU-00091,Prime Car Phone Holder 091,Synthetic Build4All wholesale product: Prime Car Phone Holder. Created for controlled multilingual Text-to-SQL research.,physical,17.43,,10,discontinued,5,2024-06-29 09:58:48+00
92,SKU-00092,Prime Extension Cable 092,Synthetic Build4All wholesale product: Prime Extension Cable. Created for controlled multilingual Text-to-SQL research.,physical,1662.94,1535.18,297,active,10,2024-08-26 21:10:25+00
93,SKU-00093,Orion Bookshelf 093,Synthetic Build4All wholesale product: Orion Bookshelf. Created for controlled multilingual Text-to-SQL research.,physical,105.42,,262,active,8,2026-05-06 03:27:21+00
94,SKU-00094,Luma Coffee Maker 094,Synthetic Build4All wholesale product: Luma Coffee Maker. Created for controlled multilingual Text-to-SQL research.,physical,91.55,,462,active,7,2025-11-22 18:41:30+00
95,SKU-00095,Luma Phone Case 095,Synthetic Build4All wholesale product: Luma Phone Case. Created for controlled multilingual Text-to-SQL research.,physical,181.93,143.83,38,active,5,2024-05-10 14:31:14+00
96,SKU-00096,Nova Exercise Bike 096,Synthetic Build4All wholesale product: Nova Exercise Bike. Created for controlled multilingual Text-to-SQL research.,physical,2217.69,,0,out_of_stock,11,2026-04-09 04:47:55+00
97,SKU-00097,Titan Electric Kettle 097,Synthetic Build4All wholesale product: Titan Electric Kettle. Created for controlled multilingual Text-to-SQL research.,physical,85.44,63.61,361,active,7,2025-07-13 09:00:30+00
98,SKU-00098,Urban Thermal Paper Roll 098,Synthetic Build4All wholesale product: Urban Thermal Paper Roll. Created for controlled multilingual Text-to-SQL research.,physical,62.98,,392,active,9,2026-05-01 20:04:06+00
99,SKU-00099,Titan Wireless Mouse 099,Synthetic Build4All wholesale product: Titan Wireless Mouse. Created for controlled multilingual Text-to-SQL research.,physical,232.51,,10,discontinued,6,2025-12-28 15:38:04+00
100,SKU-00100,Urban Cleaning Kit 100,Synthetic Build4All wholesale product: Urban Cleaning Kit. Created for controlled multilingual Text-to-SQL research.,physical,1939.75,,0,out_of_stock,12,2024-11-26 11:59:40+00
101,SKU-00101,Orion External SSD 101,Synthetic Build4All wholesale product: Orion External SSD. Created for controlled multilingual Text-to-SQL research.,physical,745.86,,215,active,6,2025-06-04 23:05:01+00
102,SKU-00102,Urban Laptop 102,Synthetic Build4All wholesale product: Urban Laptop. Created for controlled multilingual Text-to-SQL research.,physical,77.15,58.92,178,active,6,2025-06-01 01:09:31+00
103,SKU-00103,Atlas Dumbbell Set 103,Synthetic Build4All wholesale product: Atlas Dumbbell Set. Created for controlled multilingual Text-to-SQL research.,physical,226.25,,103,active,11,2025-12-02 05:21:10+00
104,SKU-00104,Titan Dumbbell Set 104,Synthetic Build4All wholesale product: Titan Dumbbell Set. Created for controlled multilingual Text-to-SQL research.,physical,23.13,16.45,403,active,11,2024-08-29 22:44:53+00
105,SKU-00105,Vertex Wireless Mouse 105,Synthetic Build4All wholesale product: Vertex Wireless Mouse. Created for controlled multilingual Text-to-SQL research.,physical,26.10,,103,active,6,2024-11-20 10:16:26+00
106,SKU-00106,Titan Desk 106,Synthetic Build4All wholesale product: Titan Desk. Created for controlled multilingual Text-to-SQL research.,physical,535.13,,419,active,8,2024-08-26 10:21:46+00
107,SKU-00107,Urban Screwdriver Set 107,Synthetic Build4All wholesale product: Urban Screwdriver Set. Created for controlled multilingual Text-to-SQL research.,physical,87.02,76.72,0,out_of_stock,10,2024-10-15 10:38:10+00
108,SKU-00108,Vertex Resistance Bands 108,Synthetic Build4All wholesale product: Vertex Resistance Bands. Created for controlled multilingual Text-to-SQL research.,physical,9.08,,7,discontinued,11,2024-06-06 01:28:29+00
109,SKU-00109,Urban Food Processor 109,Synthetic Build4All wholesale product: Urban Food Processor. Created for controlled multilingual Text-to-SQL research.,physical,6.27,,0,out_of_stock,7,2024-02-05 14:18:34+00
110,SKU-00110,Urban Desk 110,Synthetic Build4All wholesale product: Urban Desk. Created for controlled multilingual Text-to-SQL research.,physical,493.57,,5,discontinued,8,2026-07-04 13:53:03+00
111,SKU-00111,Nexa Tool Box 111,Synthetic Build4All wholesale product: Nexa Tool Box. Created for controlled multilingual Text-to-SQL research.,physical,18.84,,411,active,10,2024-03-13 09:11:52+00
112,SKU-00112,Prime Screwdriver Set 112,Synthetic Build4All wholesale product: Prime Screwdriver Set. Created for controlled multilingual Text-to-SQL research.,physical,81.11,,361,active,10,2026-05-14 21:37:36+00
113,SKU-00113,Luma Screwdriver Set 113,Synthetic Build4All wholesale product: Luma Screwdriver Set. Created for controlled multilingual Text-to-SQL research.,physical,30.17,27.67,377,active,10,2024-01-03 23:56:52+00
114,SKU-00114,Nexa Office Chair 114,Synthetic Build4All wholesale product: Nexa Office Chair. Created for controlled multilingual Text-to-SQL research.,physical,28.13,,451,active,8,2026-01-27 03:32:14+00
115,SKU-00115,Orion Wireless Charger 115,Synthetic Build4All wholesale product: Orion Wireless Charger. Created for controlled multilingual Text-to-SQL research.,physical,1593.08,,383,active,5,2024-11-15 20:46:31+00
116,SKU-00116,Cedar Treadmill 116,Synthetic Build4All wholesale product: Cedar Treadmill. Created for controlled multilingual Text-to-SQL research.,physical,1063.09,,238,active,11,2025-05-19 04:51:20+00
117,SKU-00117,Nexa Exercise Bike 117,Synthetic Build4All wholesale product: Nexa Exercise Bike. Created for controlled multilingual Text-to-SQL research.,physical,1388.10,,446,active,11,2024-10-01 21:11:43+00
118,SKU-00118,Nexa Measuring Tape 118,Synthetic Build4All wholesale product: Nexa Measuring Tape. Created for controlled multilingual Text-to-SQL research.,physical,6.74,5.60,237,active,10,2025-04-22 20:27:02+00
119,SKU-00119,Nexa Phone Case 119,Synthetic Build4All wholesale product: Nexa Phone Case. Created for controlled multilingual Text-to-SQL research.,physical,155.09,,207,active,5,2025-03-15 19:42:47+00
120,SKU-00120,Titan External SSD 120,Synthetic Build4All wholesale product: Titan External SSD. Created for controlled multilingual Text-to-SQL research.,physical,8.05,6.05,39,active,6,2025-05-30 23:20:04+00
121,SKU-00121,Urban Work Gloves 121,Synthetic Build4All wholesale product: Urban Work Gloves. Created for controlled multilingual Text-to-SQL research.,physical,1103.11,,498,active,10,2025-01-18 01:22:43+00
122,SKU-00122,Atlas Wireless Charger 122,Synthetic Build4All wholesale product: Atlas Wireless Charger. Created for controlled multilingual Text-to-SQL research.,physical,53.10,42.40,316,active,5,2025-06-06 14:48:49+00
123,SKU-00123,Nexa Emergency Kit 123,Synthetic Build4All wholesale product: Nexa Emergency Kit. Created for controlled multilingual Text-to-SQL research.,physical,144.33,,175,active,12,2026-03-14 23:54:51+00
124,SKU-00124,Prime Blender 124,Synthetic Build4All wholesale product: Prime Blender. Created for controlled multilingual Text-to-SQL research.,physical,14.05,10.01,0,out_of_stock,7,2025-02-27 06:20:47+00
125,SKU-00125,Nexa Work Gloves 125,Synthetic Build4All wholesale product: Nexa Work Gloves. Created for controlled multilingual Text-to-SQL research.,physical,859.33,,337,active,10,2024-12-17 23:30:27+00
126,SKU-00126,Urban Dumbbell Set 126,Synthetic Build4All wholesale product: Urban Dumbbell Set. Created for controlled multilingual Text-to-SQL research.,physical,745.21,537.80,92,active,11,2024-05-08 07:54:03+00
127,SKU-00127,Prime Food Processor 127,Synthetic Build4All wholesale product: Prime Food Processor. Created for controlled multilingual Text-to-SQL research.,physical,313.94,,213,active,7,2024-12-16 08:45:53+00
128,SKU-00128,Luma Blender 128,Synthetic Build4All wholesale product: Luma Blender. Created for controlled multilingual Text-to-SQL research.,physical,1989.48,1676.16,141,active,7,2024-05-02 09:31:05+00
129,SKU-00129,Nexa Whiteboard 129,Synthetic Build4All wholesale product: Nexa Whiteboard. Created for controlled multilingual Text-to-SQL research.,physical,20.39,,0,out_of_stock,9,2024-06-26 18:11:03+00
130,SKU-00130,Urban Desk Organizer 130,Synthetic Build4All wholesale product: Urban Desk Organizer. Created for controlled multilingual Text-to-SQL research.,physical,45.69,,422,active,9,2026-07-16 11:47:21+00
131,SKU-00131,Cedar Blender 131,Synthetic Build4All wholesale product: Cedar Blender. Created for controlled multilingual Text-to-SQL research.,physical,158.12,,7,active,7,2024-03-28 02:09:12+00
132,SKU-00132,Nova Whiteboard 132,Synthetic Build4All wholesale product: Nova Whiteboard. Created for controlled multilingual Text-to-SQL research.,physical,15.26,,366,active,9,2025-04-14 11:57:03+00
133,SKU-00133,Urban Seat Organizer 133,Synthetic Build4All wholesale product: Urban Seat Organizer. Created for controlled multilingual Text-to-SQL research.,physical,50.94,,49,active,12,2026-03-23 14:36:16+00
134,SKU-00134,Atlas Desk 134,Synthetic Build4All wholesale product: Atlas Desk. Created for controlled multilingual Text-to-SQL research.,physical,13.49,11.43,10,discontinued,8,2026-07-17 10:07:56+00
135,SKU-00135,Urban Monitor 135,Synthetic Build4All wholesale product: Urban Monitor. Created for controlled multilingual Text-to-SQL research.,physical,249.87,,432,active,6,2024-05-22 21:34:59+00
136,SKU-00136,Luma Blender 136,Synthetic Build4All wholesale product: Luma Blender. Created for controlled multilingual Text-to-SQL research.,physical,56.69,,125,active,7,2024-06-08 07:46:23+00
137,SKU-00137,Nova Rice Cooker 137,Synthetic Build4All wholesale product: Nova Rice Cooker. Created for controlled multilingual Text-to-SQL research.,physical,439.07,,126,active,7,2024-12-28 21:49:29+00
138,SKU-00138,Nova Screen Protector 138,Synthetic Build4All wholesale product: Nova Screen Protector. Created for controlled multilingual Text-to-SQL research.,physical,81.50,73.65,205,active,5,2025-06-24 00:02:28+00
139,SKU-00139,Vertex Monitor 139,Synthetic Build4All wholesale product: Vertex Monitor. Created for controlled multilingual Text-to-SQL research.,physical,672.59,,7,discontinued,6,2026-07-23 20:27:45+00
140,SKU-00140,Titan Desk Organizer 140,Synthetic Build4All wholesale product: Titan Desk Organizer. Created for controlled multilingual Text-to-SQL research.,physical,22.17,19.65,6,discontinued,9,2024-07-21 07:35:54+00
141,SKU-00141,Nova Blender 141,Synthetic Build4All wholesale product: Nova Blender. Created for controlled multilingual Text-to-SQL research.,physical,53.23,39.30,473,active,7,2024-06-09 02:53:58+00
142,SKU-00142,Atlas Cleaning Kit 142,Synthetic Build4All wholesale product: Atlas Cleaning Kit. Created for controlled multilingual Text-to-SQL research.,physical,5.01,3.96,220,active,12,2024-09-03 14:26:36+00
143,SKU-00143,Prime Webcam 143,Synthetic Build4All wholesale product: Prime Webcam. Created for controlled multilingual Text-to-SQL research.,physical,1468.89,,109,active,6,2026-05-01 14:05:27+00
144,SKU-00144,Titan Wireless Charger 144,Synthetic Build4All wholesale product: Titan Wireless Charger. Created for controlled multilingual Text-to-SQL research.,physical,17.32,12.70,273,active,5,2024-01-30 06:33:20+00
145,SKU-00145,Nova Measuring Tape 145,Synthetic Build4All wholesale product: Nova Measuring Tape. Created for controlled multilingual Text-to-SQL research.,physical,533.13,402.40,0,out_of_stock,10,2025-01-05 06:00:04+00
146,SKU-00146,Prime Exercise Bike 146,Synthetic Build4All wholesale product: Prime Exercise Bike. Created for controlled multilingual Text-to-SQL research.,physical,435.02,,470,active,11,2024-04-25 20:39:09+00
147,SKU-00147,Titan Laptop 147,Synthetic Build4All wholesale product: Titan Laptop. Created for controlled multilingual Text-to-SQL research.,physical,119.34,,27,active,6,2024-06-01 23:44:10+00
148,SKU-00148,Prime Webcam 148,Synthetic Build4All wholesale product: Prime Webcam. Created for controlled multilingual Text-to-SQL research.,physical,25.52,22.72,0,out_of_stock,6,2026-06-12 00:14:54+00
149,SKU-00149,Atlas External SSD 149,Synthetic Build4All wholesale product: Atlas External SSD. Created for controlled multilingual Text-to-SQL research.,physical,103.46,,254,active,6,2024-01-02 14:50:27+00
150,SKU-00150,Atlas Side Table 150,Synthetic Build4All wholesale product: Atlas Side Table. Created for controlled multilingual Text-to-SQL research.,physical,634.04,,400,active,8,2024-11-09 04:09:18+00
